Image Link,Title,Price,Subtitle,Text Preview,View Count
https://krisha-photos.kcdn.online/webp/9f/9fcbb16f-89e5-4d8b-9b93-024cd0c846c0/1-400x300.jpg,1-–∫–æ–º–Ω–∞—Ç–Ω–∞—è –∫–≤–∞—Ä—Ç–∏—Ä–∞ ¬∑ 36 –º¬≤ ¬∑ –ø–æ–º–µ—Å—è—á–Ω–æ,200 000 „Äí,"–ë–æ—Å—Ç–∞–Ω–¥—ã–∫—Å–∫–∏–π —Ä-–Ω, –¢–∏–º–∏—Ä—è–∑–µ–≤–∞ ‚Äî –ì–∞–≥–∞—Ä–∏–Ω–∞","–∫–∏—Ä–ø–∏—á–Ω—ã–π –¥–æ–º, 1979 –≥.–ø., —Å–æ—Å—Ç–æ—è–Ω–∏–µ: —Å–≤–µ–∂–∏–π —Ä–µ–º–æ–Ω—Ç, —Å–∞–Ω—É–∑–µ–ª —Å–æ–≤–º–µ—â–µ–Ω–Ω—ã–π, –∏–Ω—Ç–µ—Ä–Ω–µ—Ç ADSL, –º–µ–±–ª–∏—Ä–æ–≤–∞–Ω–∞ –ø–æ–ª–Ω–æ—Å—Ç—å—é, –†–∞–∑–≤–∏—Ç–∞—è –∏–Ω—Ñ—Ä–∞—Å—Ç—Ä—É–∫—Ç—É—Ä–∞",
https://krisha-photos.kcdn.online/webp/c5/c5172947-8cee-4c5d-9bda-3d13caa4d74f/1-400x300.jpg,2-–∫–æ–º–Ω–∞—Ç–Ω–∞—è –∫–≤–∞—Ä—Ç–∏—Ä–∞ ¬∑ 60 –º¬≤ ¬∑ 3/5 —ç—Ç–∞–∂ ¬∑ –ø–æ–º–µ—Å—è—á–Ω–æ,300 000 „Äí,"–ú–µ–¥–µ—É—Å–∫–∏–π —Ä-–Ω, –ë–∞—Ä–∏–±–∞–µ–≤–∞ ‚Äî –ì–æ–≥–æ–ª—è","–º–µ–±–ª–∏—Ä–æ–≤–∞–Ω–∞ –ø–æ–ª–Ω–æ—Å—Ç—å—é, –¢–µ–ø–ª–∞—è, —Å–≤–µ—Ç–ª–∞—è –∫–≤–∞—Ä—Ç–∏—Ä–∞, –±–æ–ª—å—à–æ–π, –∑–µ–ª–µ–Ω—ã–π –¥–≤–æ—Ä. –≠–ª–∏—Ç–Ω—ã–π —Ä–∞–π–æ–Ω, —Ä–∞–∑–≤–∏—Ç–∞—è –∏–Ω—Ñ—Ä–∞—Å—Ç—Ä—É–∫—Ç—É—Ä–∞, –≤—Å–µ —Ä—è–¥–æ–º: –∫–∞—Ñ–µ, –±–∞–Ω–∫–∏, –º–∞–≥–∞–∑–∏–Ω—ã, —à–∫–æ–ª—ã, –≤—ã—Å—à–∏–µ —É—á–µ–±–Ω—ã–µ –∑–∞–≤–µ–¥–µ–Ω–∏—è, –ü–∞—Ä–∫ –∏–º. –ì–æ—Ä—å–∫–æ–≥–æ –∏ –ü–∞—Ä–∫ –∏–º. 28 –ì–≤–∞—Ä–¥–µ–π—Ü–µ–≤ –ü–∞–Ω—Ñ–∏–ª–æ–≤—Ü–µ–≤",
https://krisha-photos.kcdn.online/webp/31/313a63e1-bd04-445c-b70f-b90472eb7325/1-400x300.jpg,3-–∫–æ–º–Ω–∞—Ç–Ω–∞—è –∫–≤–∞—Ä—Ç–∏—Ä–∞ ¬∑ 70 –º¬≤ ¬∑ 4/10 —ç—Ç–∞–∂ ¬∑ –ø–æ–º–µ—Å—è—á–Ω–æ,330 000 „Äí,"–ê–ª–º–∞–ª–∏–Ω—Å–∫–∏–π —Ä-–Ω, –ö—É—Ä–º–∞–Ω–≥–∞–∑—ã 97","–∂–∏–ª. –∫–æ–º–ø–ª–µ–∫—Å –¶–µ–Ω—Ç—Ä–∞–ª—å–Ω—ã–π, –º–µ–±–ª–∏—Ä–æ–≤–∞–Ω–∞ –ø–æ–ª–Ω–æ—Å—Ç—å—é, –ü—Ä–æ—Å—Ç–æ—Ä–Ω–∞—è 2-–∫–æ–º–Ω–∞—Ç–Ω–∞—è –∫–≤–∞—Ä—Ç–∏—Ä–∞ —Å —Å—Ç—É–¥–∏–π–Ω—ã–º —Ö–æ–ª–ª–æ–º –≤ –∂–∏–ª–æ–º –∫–æ–º–ø–ª–µ–∫—Å–µ ""–¶–µ–Ω—Ç—Ä–∞–ª—å–Ω—ã–π"" –≤ –ê–ª–º–∞—Ç—ã ‚Äì —ç—Ç–æ –æ—Ç–ª–∏—á–Ω–æ–µ –ø—Ä–µ–¥–ª–æ–∂–µ–Ω–∏–µ –¥–ª—è —Ç–µ—Ö, –∫—Ç–æ —Ü–µ–Ω–∏—Ç –∫–æ–º—Ñ–æ—Ä—Ç –∏ —Å–æ–≤—Ä–µ–º–µ–Ω–Ω—ã–π —Å—Ç–∏–ª—å –∂–∏–∑–Ω–∏. –ö–≤–∞—Ä—Ç–∏—Ä–∞ —Å –æ—Ä–∏–≥–∏–Ω–∞–ª—å–Ω–æ–π –ø–ª–∞–Ω–∏—Ä–æ–≤–∫–æ–π –≤–∫–ª—é—á–∞–µ—Ç —É—é—Ç–Ω—É—é –≥–æ—Å—Ç–∏–Ω—É—é, –∫–æ—Ç–æ—Ä‚Ä¶",
https://krisha-photos.kcdn.online/webp/d4/d4c612f5-d49e-4ae9-bbd8-626759ec006e/35-400x300.jpg,3-–∫–æ–º–Ω–∞—Ç–Ω–∞—è –∫–≤–∞—Ä—Ç–∏—Ä–∞ ¬∑ 118 –º¬≤ ¬∑ 3/5 —ç—Ç–∞–∂ ¬∑ –ø–æ–º–µ—Å—è—á–Ω–æ,750 000 „Äí,"–ú–µ–¥–µ—É—Å–∫–∏–π —Ä-–Ω, –ö–∞–±–∞–Ω–±–∞–π –±–∞—Ç—ã—Ä–∞ 66 ‚Äî –ó–µ–Ω–∫–æ–≤–∞","–£—é—Ç–Ω–∞—è –∏ —Å–≤–µ—Ç–ª–∞—è –∫–≤–∞—Ä—Ç–∏—Ä–∞ –ø–ª–æ—â–∞–¥—å—é 118 –º¬≤ —Ä–∞—Å–ø–æ–ª–æ–∂–µ–Ω–∞ –≤ –°–æ–≤–º–∏–Ω–æ–≤—Å–∫–æ–º –∫–∏—Ä–ø–∏—á–Ω–æ–º –¥–æ–º–µ 1987 –≥–æ–¥–∞ –ø–æ—Å—Ç—Ä–æ–π–∫–∏. –ü—Ä–µ–∏–º—É—â–µ—Å—Ç–≤–æ –¥–æ–º–∞ ‚Äì –≤—Å–µ–≥–æ –¥–≤–µ –∫–≤–∞—Ä—Ç–∏—Ä—ã –Ω–∞ —ç—Ç–∞–∂–µ, —á—Ç–æ –æ–±–µ—Å–ø–µ—á–∏–≤–∞–µ—Ç —Ç–∏—à–∏–Ω—É –∏ –ø—Ä–∏–≤–∞—Ç–Ω–æ—Å—Ç—å. –ü–ª–∞–Ω–∏—Ä–æ–≤–∫–∞ –ø—Ä–æ–¥—É–º–∞–Ω–∞ –¥–æ –º–µ–ª–æ—á–µ–π: ‚Ä¢–¢—Ä–∏ –∏–∑–æ–ª–∏—Ä–æ–≤–∞–Ω–Ω—ã–µ –∫–æ–º–Ω–∞—Ç—ã, –∏–¥–µ–∞–ª—å–Ω—ã –¥–ª—è —Å–µ–º—å–∏ –∏–ª–∏ –∫–æ–º—Ñ–æ—Ä—Ç–Ω–æ–≥–æ –ø—Ä–æ–∂–∏–≤–∞–Ω‚Ä¶",
https://krisha-photos.kcdn.online/webp/f2/f21a1060-e14c-4c9c-9903-76cfb0c4b0b3/32-400x300.jpg,1-–∫–æ–º–Ω–∞—Ç–Ω–∞—è –∫–≤–∞—Ä—Ç–∏—Ä–∞ ¬∑ 24 –º¬≤ ¬∑ 2/3 —ç—Ç–∞–∂ ¬∑ –ø–æ–º–µ—Å—è—á–Ω–æ,150 000 „Äí,"–ù–∞—É—Ä—ã–∑–±–∞–π—Å–∫–∏–π —Ä-–Ω, –º–∫—Ä –ö–∞–ª–∫–∞–º–∞–Ω-2, –ê–±–∏—à–µ–≤–∞ 28 28 ‚Äî –ö–∞–ª–∫–∞–º–∞–Ω 2 —É–ª –ê–±–∏—à–µ–≤–∞ 28","2021 –≥.–ø., –ø–æ—Ç–æ–ª–∫–∏ 3–º., 1 –∫–æ–º–Ω–∞—Ç–Ω—É—é —Ö–æ—Ä–æ—à—É—é —Ç–µ–ø–ª—É—é –∫–≤–∞—Ä—Ç–∏—Ä—É, 2 —á–µ–ª–æ–≤–µ–∫–∞ –±–µ–∑ –¥–µ—Ç–µ–π –≤ 3—Ö —ç—Ç–∞–∂–Ω–æ–º –Ω–æ–≤–æ–º –¥–æ–º–µ –∫–∞–∫ –≤ –∂–∫, –∫–æ–º–º—É–Ω–∞–ª–∫–∏ –Ω–µ—Ç, –¥–µ–ø–æ–∑–∏—Ç–∞ –Ω–µ—Ç, –∏–Ω—Ç–µ—Ä–Ω–µ—Ç –±–µ—Å–ø–ª–∞—Ç–Ω–æ, –æ—Ç —Ç–∞—à–∫–µ–Ω—Ç—Å–∫–æ–π 50 –º",
https://krisha-photos.kcdn.online/webp/c8/c8cdb36d-a909-4acb-8ce0-47b5e2ecd9e4/8-400x300.jpg,2-–∫–æ–º–Ω–∞—Ç–Ω–∞—è –∫–≤–∞—Ä—Ç–∏—Ä–∞ ¬∑ 50 –º¬≤ ¬∑ –ø–æ–º–µ—Å—è—á–Ω–æ,180 000 „Äí,"–ù–∞—É—Ä—ã–∑–±–∞–π—Å–∫–∏–π —Ä-–Ω, –º–∫—Ä –ö–∞–ª–∫–∞–º–∞–Ω-2, –ö–∞–ª–∫–∞–º–∞–Ω-2 —É–ª –∞–±–∏—à–µ–≤–∞ 28","2021 –≥.–ø., –•–æ—Ä–æ—à–∞—è 2—Ö –∫–æ–º–Ω–∞—Ç–Ω–∞—è –∫–≤–∞—Ä—Ç–∏—Ä–∞ —Å –∫–æ–º—É–Ω–∞–ª–∫–æ–π –≤–º–µ—Å—Ç–µ –Ω–µ –±–æ–ª–µ–µ 3—Ö —á–µ–ª–æ–≤–µ–∫ –±–µ–∑ –¥–µ—Ç–µ–π –∫—É—Ä–∏—Ç—å –Ω–µ–ª—å–∑—è —á–∏—Å—Ç–æ–ø–ª–æ—Ç–Ω—ã–º –∏ –Ω–µ —à—É–º–Ω—ã–º –∑–∞–¥–∞—ë—Ç—Å—è –±–µ–∑ –¥–µ–ø–æ–∑–∏—Ç–∞",
https://krisha-photos.kcdn.online/webp/0f/0f0e758a-1b21-48c7-b30b-a824d8bb16ce/1-400x300.jpg,2-–∫–æ–º–Ω–∞—Ç–Ω–∞—è –∫–≤–∞—Ä—Ç–∏—Ä–∞ ¬∑ 55 –º¬≤ ¬∑ 5/5 —ç—Ç–∞–∂ ¬∑ –ø–æ–º–µ—Å—è—á–Ω–æ,250 000 „Äí,"–ú–µ–¥–µ—É—Å–∫–∏–π —Ä-–Ω, –•–∞–ª–∏—É–ª–ª–∏–Ω–∞ 196/1","–∂–∏–ª. –∫–æ–º–ø–ª–µ–∫—Å Medeu City, –º–µ–±–ª–∏—Ä–æ–≤–∞–Ω–∞ –ø–æ–ª–Ω–æ—Å—Ç—å—é, –°–¥–∞–µ—Ç—Å—è 2-–∫–æ–º–Ω–∞—Ç–Ω–∞—è –∫–≤–∞—Ä—Ç–∏—Ä–∞ –≤ –∂–∏–ª–æ–º –∫–æ–º–ø–ª–µ–∫—Å–µ ‚ÄúMedeu City‚Äù –°–¥–∞–µ—Ç—Å—è —É—é—Ç–Ω–∞—è –∏ —Å–≤–µ—Ç–ª–∞—è 2-–∫–æ–º–Ω–∞—Ç–Ω–∞—è –∫–≤–∞—Ä—Ç–∏—Ä–∞ –≤ —Å–æ–≤—Ä–µ–º–µ–Ω–Ω–æ–º –∂–∏–ª–æ–º –∫–æ–º–ø–ª–µ–∫—Å–µ. –ö–≤–∞—Ä—Ç–∏—Ä–∞ –ø–æ–ª–Ω–æ—Å—Ç—å—é –º–µ–±–ª–∏—Ä–æ–≤–∞–Ω–∞ –∏ –æ—Å–Ω–∞—â–µ–Ω–∞ –≤—Å–µ–π –Ω–µ–æ–±—Ö–æ–¥–∏–º–æ–π –±—ã—Ç–æ–≤–æ–π —Ç–µ—Ö–Ω–∏–∫–æ–π ‚Äî –∑–∞–µ–∑–∂–∞–π –∏ –∂–∏–≤–∏! –ü–ª–æ—â–∞–¥—å: 55 –∫–≤‚Ä¶",
https://krisha-photos.kcdn.online/webp/84/84c474c1-0e3f-4d8f-91f8-495cf4a4c9d0/6-400x300.jpg,1-–∫–æ–º–Ω–∞—Ç–Ω–∞—è –∫–≤–∞—Ä—Ç–∏—Ä–∞ ¬∑ 30 –º¬≤ ¬∑ 2/2 —ç—Ç–∞–∂ ¬∑ –ø–æ–º–µ—Å—è—á–Ω–æ,90 000 „Äí,"–ù–∞—É—Ä—ã–∑–±–∞–π—Å–∫–∏–π —Ä-–Ω, –º–∫—Ä –ö–∞—Ä–≥–∞–ª—ã, –ö–µ–Ω–µ—Å–∞—Ä—ã –•–∞–Ω–∞ 8","–º–µ–±–ª–∏—Ä–æ–≤–∞–Ω–∞ –ø–æ–ª–Ω–æ—Å—Ç—å—é, –ö–≤–∞—Ä—Ç–∏—Ä–∞ –Ω–∞ –≤—Ç–æ—Ä–æ–º —ç—Ç–∞–∂–µ, –º–µ–±–µ–ª—å, —Å—Ç–∏—Ä–∞–ª—å–Ω–∞—è –º–∞—à–∏–Ω–∞, –¥—É—à, —Ç—É–∞–ª–µ—Ç –Ω–∞ —É–ª–∏—Ü–µ —Ä—è–¥–æ–º –ø—Ä–∏—É—Å–∞–¥–µ–±–Ω—ã–π —É—á–∞—Å—Ç–æ–∫ –º–æ–∂–Ω–æ –ø–æ—Å–∞–¥–∏—Ç—å –æ–≥–æ—Ä–æ–¥. –ö–≤–∞—Ä—Ç–ø–ª–∞—Ç–∞ –∑–∞ —Å–≤–µ—Ç –∏ –≤–æ–¥—É –æ–ø–ª–∞—á–∏–≤–∞–µ—Ç—Å—è –æ—Ç–¥–µ–ª—å–Ω–æ",
https://krisha-photos.kcdn.online/webp/f9/f9bcbceb-7950-41a6-a84f-af8a810cafa9/17-400x300.jpg,1-–∫–æ–º–Ω–∞—Ç–Ω–∞—è –∫–≤–∞—Ä—Ç–∏—Ä–∞ ¬∑ 43 –º¬≤ ¬∑ 9/15 —ç—Ç–∞–∂ ¬∑ –ø–æ–º–µ—Å—è—á–Ω–æ,300 000 „Äí,"–ê–ª–º–∞–ª–∏–Ω—Å–∫–∏–π —Ä-–Ω, –†–∞–π—ã–º–±–µ–∫–∞ 210 ‚Äî –†–∞–π—ã–º–±–µ–∫–∞ –ê—É—ç–∑–æ–≤–∞","–∂–∏–ª. –∫–æ–º–ø–ª–µ–∫—Å Auezov City, –º–µ–±–ª–∏—Ä–æ–≤–∞–Ω–∞ –ø–æ–ª–Ω–æ—Å—Ç—å—é, –°–¥–∞—ë—Ç—Å—è –∫–≤–∞—Ä—Ç–∏—Ä–∞ –∫–æ–º—Ñ–æ—Ä—Ç –∫–ª–∞—Å—Å–∞. –†–∞–Ω–µ–µ –Ω–µ –±—ã–ª–∞ –≤ —ç–∫—Å–ø–ª—É–∞—Ç–∞—Ü–∏–∏, –Ω–µ —Å–¥–∞–≤–∞–ª–∞—Å—å, —Å–∞–º–∏ –Ω–µ –∂–∏–ª–∏. –ö–≤–∞—Ä—Ç–∏—Ä–∞ –≤ –Ω–æ–≤–æ–º –∂–∫, –ø–æ—Å–ª–µ —Ä–µ–º–æ–Ω—Ç–∞, –≤—Å–µ –Ω–æ–≤–æ–µ –æ—Ç –æ—Ç–¥–µ–ª–∫–∏, –¥–æ —Å—Ç–µ–Ω, —Ç–µ—Ö–Ω–∏–∫–∏ –∏ –º–µ–±–µ–ª–∏. –ö–æ–≤—Ä—ã –∏–º–µ—é—Ç—Å—è –≤ —Å–ø–∞–ª—å–Ω–µ 2 —à—Ç –∏ –≤ –∫—É—Ö–Ω–µ (–Ω–∞ —Ñ–æ—Ç–æ –Ω–µ—Ç). –ò–º–µ—é—Ç—Å—è —Ä—è–¥–æ–º —Å–∞‚Ä¶",
https://krisha-photos.kcdn.online/webp/45/459e07bc-13ce-4630-a432-59c170b06c14/13-400x300.jpg,2-–∫–æ–º–Ω–∞—Ç–Ω–∞—è –∫–≤–∞—Ä—Ç–∏—Ä–∞ ¬∑ 54 –º¬≤ ¬∑ 5/9 —ç—Ç–∞–∂ ¬∑ –ø–æ–º–µ—Å—è—á–Ω–æ,350 000 „Äí,"–ú–µ–¥–µ—É—Å–∫–∏–π —Ä-–Ω, –î–æ—Å—Ç—ã–∫ 48 ‚Äî –®–µ–≤—á–µ–Ω–∫–æ","–º–µ–±–ª–∏—Ä–æ–≤–∞–Ω–∞ –ø–æ–ª–Ω–æ—Å—Ç—å—é, –°–¥–∞–µ—Ç—Å—è –¥–≤—É—Ö–∫–æ–º–Ω–∞—Ç–Ω–∞—è –∫–≤–∞—Ä—Ç–∏—Ä–∞ –≤ –∫–∏—Ä–ø–∏—á–Ω–æ–º –¥–µ–≤—è—Ç–∏—ç—Ç–∞–∂–Ω–æ–º –¥–æ–º–µ –Ω–∞ 5 —ç—Ç–∞–∂–µ. –ü–æ –∞–¥—Ä–µ—Å—É –î–æ—Å—Ç—ã–∫ —É–≥–æ–ª –®–µ–≤—á–µ–Ω–∫–æ (–ó–æ–ª–æ—Ç–æ–π –∫–≤–∞–¥—Ä–∞—Ç). –û—á–µ–Ω—å —É—é—Ç–Ω–∞—è –∏ —á–∏—Å—Ç–∞—è –∫–≤–∞—Ä—Ç–∏—Ä–∞. –ó–∞ –∫–æ–º–º—É–Ω–∞–ª—å–Ω—ã–µ —É—Å–ª—É–≥–∏ –æ—Ç–¥–µ–ª—å–Ω–∞—è –æ–ø–ª–∞—Ç–∞. –î–µ–ø–æ–∑–∏—Ç 150 000—Ç–≥",
https://krisha-photos.kcdn.online/webp/55/559103c3-c4f0-44bc-9197-0c92bff690d4/1-400x300.jpg,3-–∫–æ–º–Ω–∞—Ç–Ω–∞—è –∫–≤–∞—Ä—Ç–∏—Ä–∞ ¬∑ 105 –º¬≤ ¬∑ 2/3 —ç—Ç–∞–∂ ¬∑ –ø–æ–º–µ—Å—è—á–Ω–æ,1 100 000 „Äí,"–ú–µ–¥–µ—É—Å–∫–∏–π —Ä-–Ω, –ú–∞—à—Ö—É—Ä –ñ—É—Å—É–ø–∞ 30","–∂–∏–ª. –∫–æ–º–ø–ª–µ–∫—Å Jasyl Residence, –º–µ–±–ª–∏—Ä–æ–≤–∞–Ω–∞ –ø–æ–ª–Ω–æ—Å—Ç—å—é, –°–¥–∞–µ—Ç—Å—è —à–∏–∫–∞—Ä–Ω–∞—è –∫–≤–∞—Ä—Ç–∏—Ä–∞ –ø–æ—Å–ª–µ —Ä–µ–º–æ–Ω—Ç–∞, –¥–æ—Ä–æ–≥–æ–π —Ä–µ–º–æ–Ω—Ç, –¥–æ—Ä–æ–≥–∞—è –º–µ–±–µ–ª—å, –¥–æ—Ä–æ–≥–∞—è —Ç–µ—Ö–Ω–∏–∫–∞, –≤—Å–µ –Ω–µ–æ–±—Ö–æ–¥–∏–º–æ–µ –µ—Å—Ç—å, —Ä—è–¥–æ–º –ñ–ö –ê–∫ –±–æ—Ç–∞, –∫–ª–∏–Ω–∏–∫–∞ Mediterra, –ï—Å–µ–Ω—Ç–∞–π —Å–∏—Ç–∏!",
https://krisha-photos.kcdn.online/webp/2d/2dab8696-a6bf-4282-b1be-bafc9fae8e6e/1-400x300.jpg,2-–∫–æ–º–Ω–∞—Ç–Ω–∞—è –∫–≤–∞—Ä—Ç–∏—Ä–∞ ¬∑ 44 –º¬≤ ¬∑ 1/4 —ç—Ç–∞–∂ ¬∑ –ø–æ–º–µ—Å—è—á–Ω–æ,250 000 „Äí,"–ê—É—ç–∑–æ–≤—Å–∫–∏–π —Ä-–Ω, –º–∫—Ä ‚Ññ9 26 ‚Äî –°–∞–∏–Ω–∞ –®–∞–ª—è–ø–∏–Ω–∞","–º–µ–±–ª–∏—Ä–æ–≤–∞–Ω–∞ —á–∞—Å—Ç–∏—á–Ω–æ, –î–æ–º –≤–æ –≤—Ç–æ—Ä–æ–º —Ä—è–¥—É –æ—Ç –¥–æ—Ä–æ–≥–∏, –æ—Å—Ç–∞–Ω–æ–≤–∫–∞ —Ä—è–¥–æ–º, –ú–∞–≥–Ω—É–º —á–µ—Ä–µ–∑ –¥–æ—Ä–æ–≥—É, –æ–∫–Ω–∞ –≤—ã—Ö–æ–¥—è—Ç –Ω–∞ —Ç–µ—Ä—Ä–∏—Ç–æ—Ä–∏—é –≥–∏–º–Ω–∞–∑–∏–∏, —Ç–∏—Ö–æ. –•–æ—Ä–æ—à–∏–µ —Å–æ—Å–µ–¥–∏, —á–∏—Å—Ç—ã–π –ø–æ–¥—ä–µ–∑–¥, —á–∏—Å—Ç—ã–π –ø–æ–¥–≤–∞–ª",
https://krisha-photos.kcdn.online/webp/5e/5e034955-04a3-40f7-bf0a-c55f465d29f9/1-400x300.jpg,2-–∫–æ–º–Ω–∞—Ç–Ω–∞—è –∫–≤–∞—Ä—Ç–∏—Ä–∞ ¬∑ 70 –º¬≤ ¬∑ 7/18 —ç—Ç–∞–∂ ¬∑ –ø–æ–º–µ—Å—è—á–Ω–æ,350 000 „Äí,"–ë–æ—Å—Ç–∞–Ω–¥—ã–∫—Å–∫–∏–π —Ä-–Ω, –°–æ–ª–æ–¥–æ–≤–Ω–∏–∫–æ–≤–∞ ‚Äî –†–æ–∑—ã–±–∞–∫–∏–µ–≤–∞-–°–∞—Ç–ø–∞–µ–≤–∞","–∂–∏–ª. –∫–æ–º–ø–ª–µ–∫—Å –ö–£–ê–¢ –Ω–∞ –°–∞—Ç–ø–∞–µ–≤–∞ - –ì–∞–≥–∞—Ä–∏–Ω–∞, –º–µ–±–ª–∏—Ä–æ–≤–∞–Ω–∞ –ø–æ–ª–Ω–æ—Å—Ç—å—é, –°–¥–∞—ë—Ç—å—Å—è 2–∫–æ–º–Ω–∞—Ç–Ω–∞—è –∫–≤–∞—Ä—Ç–∏—Ä–∞ 350.000—Ç–Ω–≥+–∫–≤–∞—Ä–ø–ª–∞—Ç–∞, –µ—Å—Ç—å –∫—Ä—ã—Ç—ã–π –ø–∞—Ä–∫–∏–Ω–≥ (+20000—Ç–Ω–≥). –û–±—è–∑–∞—Ç–µ–ª—å–Ω—ã–π –∑–∞–ª–æ–≥ 50% –æ—Ç —Å—Ç–æ–∏–º–æ—Å—Ç–∏ –∞—Ä–µ–Ω–¥—ã. –°–¥–∞—ë—Ç—å—Å—è –Ω–∞ –¥–ª–∏—Ç–µ–ª—å–Ω—ã–π —Å—Ä–æ–∫ –æ—Ç 10 –º–µ—Å—è—Ü–µ–≤. —Å–µ–º—å–µ –∏–ª–∏ –æ–¥–Ω–æ–º—É —á–µ–ª–æ–≤–µ–∫—É",
https://krisha-photos.kcdn.online/webp/9a/9afbf41d-7567-4902-925d-086a8818116f/1-400x300.jpg,1-–∫–æ–º–Ω–∞—Ç–Ω–∞—è –∫–≤–∞—Ä—Ç–∏—Ä–∞ ¬∑ 43 –º¬≤ ¬∑ 11/13 —ç—Ç–∞–∂ ¬∑ –ø–æ–º–µ—Å—è—á–Ω–æ,230 000 „Äí,"–ê—É—ç–∑–æ–≤—Å–∫–∏–π —Ä-–Ω, –£—Ç–µ–≥–µ–Ω –±–∞—Ç—ã—Ä–∞ 17–± ‚Äî –£—Ç–µ–≥–µ–Ω –±–∞—Ç—ã—Ä - –ö–∞–±–¥–æ–ª–æ–≤–∞","–∂–∏–ª. –∫–æ–º–ø–ª–µ–∫—Å UTEGEN, –º–µ–±–ª–∏—Ä–æ–≤–∞–Ω–∞ –ø–æ–ª–Ω–æ—Å—Ç—å—é, –°–¥–∞–µ—Ç—Å—è —Ç–µ–ø–ª–∞—è –∏ —á–∏—Å—Ç–∞—è –∫–≤–∞—Ä—Ç–∏—Ä–∞ –≤ —Ö–æ—Ä–æ—à–µ–º —Ä–∞–π–æ–Ω–µ, –Ω–∞ –ø–µ—Ä–µ—Å–µ—á–µ–Ω–∏–∏ —É–ª–∏—Ü –£—Ç–µ–≥–µ–Ω –±–∞—Ç—ã—Ä–∞ - –ö–∞–±–¥–æ–ª–æ–≤–∞. 43 –∫–≤. –º., –∫—É—Ö–Ω—è 12 –∫–≤. –º. –£—é—Ç–Ω–æ–µ –∂–∏–ª—å–µ —Å –ø–∞–Ω–æ—Ä–∞–º–Ω—ã–º –≤–∏–¥–æ–º –∏–∑ –æ–∫–Ω–∞. –í –∫–≤–∞—Ä—Ç–∏—Ä–µ –µ—Å—Ç—å –≤—Å—è –Ω–µ–æ–±—Ö–æ–¥–∏–º–∞—è –º–µ–±–µ–ª—å –∏ –±—ã—Ç–æ–≤–∞—è —Ç–µ—Ö–Ω–∏–∫–∞. –í –¥–æ–º–µ –¥–≤–∞ –ª–∏—Ñ—Ç–∞, –¥–≤—É—Ö—É—Ä–æ–≤–Ω–µ‚Ä¶",
https://krisha-photos.kcdn.online/webp/42/424b3be7-38e3-4e91-83fe-4498817ef25f/1-400x300.jpg,3-–∫–æ–º–Ω–∞—Ç–Ω–∞—è –∫–≤–∞—Ä—Ç–∏—Ä–∞ ¬∑ 110 –º¬≤ ¬∑ 13/14 —ç—Ç–∞–∂ ¬∑ –ø–æ–º–µ—Å—è—á–Ω–æ,500 000 „Äí,"–ê—É—ç–∑–æ–≤—Å–∫–∏–π —Ä-–Ω, –ù–∞–≤–æ–∏ 66","–∂–∏–ª. –∫–æ–º–ø–ª–µ–∫—Å –¢–∞—É –°–∞–º–∞–ª –Ω–∞ –ù–∞–≤–æ–∏, –º–µ–±–ª–∏—Ä–æ–≤–∞–Ω–∞ –ø–æ–ª–Ω–æ—Å—Ç—å—é, –í–ø–µ—Ä–≤—ã–µ —Å–¥–∞—ë—Ç—Å—è. –ü–æ–ª–Ω–æ—Å—Ç—å—é —Å –º–µ–±–µ–ª—å—é –∏ —Ç–µ—Ö–Ω–∏–∫–æ–π. –¢–∏—Ö–∏–π –¥–≤–æ—Ä, –¥–µ—Ç—Å–∫–∞—è –ø–ª–æ—â–∞–¥–∫–∞, —Ä—è–¥–æ–º —Ä–µ—á–∫–∞ –ë–æ–ª—å—à–∞—è –ê–ª–º–∞—Ç–∏–Ω–∫–∞",
https://krisha-photos.kcdn.online/webp/10/10fa107b-6af5-4c23-9672-bdb4bb5ea35e/14-400x300.jpg,2-–∫–æ–º–Ω–∞—Ç–Ω–∞—è –∫–≤–∞—Ä—Ç–∏—Ä–∞ ¬∑ 50 –º¬≤ ¬∑ 6/17 —ç—Ç–∞–∂ ¬∑ –ø–æ–º–µ—Å—è—á–Ω–æ,399 000 „Äí,"–ê–ª–º–∞–ª–∏–Ω—Å–∫–∏–π —Ä-–Ω, –¢–æ–ª–µ –±–∏ ‚Äî –ê—É—ç–∑–æ–≤–∞","–∂–∏–ª. –∫–æ–º–ø–ª–µ–∫—Å ASSEM PLAZA, –º–µ–±–ª–∏—Ä–æ–≤–∞–Ω–∞ –ø–æ–ª–Ω–æ—Å—Ç—å—é, ‚ô¶Ô∏è –°–î–ê–ï–¢–°–Ø –Ω–∞ –¥–ª–∏—Ç–µ–ª—å–Ω—ã–π —Å—Ä–æ–∫ —É—é—Ç–Ω–∞—è, —Å—Ç–∏–ª—å–Ω–∞—è 2-—Ö –∫–æ–º–Ω–∞—Ç–Ω–∞—è –∫–≤–∞—Ä—Ç–∏—Ä–∞. üî∑ –ö–≤–∞—Ä—Ç–∏—Ä–∞ –æ—Å–Ω–∞—â–µ–Ω–∞ –≤—Å–µ–π –Ω–µ–æ–±—Ö–æ–¥–∏–º–æ–π –º–µ–±–µ–ª—å—é –∏ —Ç–µ—Ö–Ω–∏–∫–æ–π, –¥–ª—è –∫–æ–º—Ñ–æ—Ä—Ç–Ω–æ–π –∂–∏–∑–Ω–∏. üõÅ–ü–æ–¥–æ–≥—Ä–µ–≤ –≤ –≤–∞–Ω–Ω–æ–π –∏ –≤ –∫–æ—Ä–∏–¥–æ—Ä–µ. ü™ü –ü–∞–Ω–æ—Ä–∞–º–Ω—ã–π –≤–∏–¥. ‚öΩÔ∏è–î–µ—Ç—Å–∫–∞—è –ø–ª–æ—â–∞–¥–∫–∞ ü•ä –û—Ö—Ä–∞–Ω–∞ üì±–í—Å—è –∏–Ω—Ñ—Ä–∞—Å—Ç—Ä—É–∫—Ç—É—Ä‚Ä¶",
https://krisha-photos.kcdn.online/webp/b7/b73fe067-6f71-4a8a-b2b3-dcfe17277dc7/1-400x300.jpg,1-–∫–æ–º–Ω–∞—Ç–Ω–∞—è –∫–≤–∞—Ä—Ç–∏—Ä–∞ ¬∑ 40 –º¬≤ ¬∑ 3/4 —ç—Ç–∞–∂ ¬∑ –ø–æ–º–µ—Å—è—á–Ω–æ,230 000 „Äí,"–ê–ª–º–∞–ª–∏–Ω—Å–∫–∏–π —Ä-–Ω, –ú–ê–£–õ–ï–ù–û–í–ê 32","–º–µ–±–ª–∏—Ä–æ–≤–∞–Ω–∞ –ø–æ–ª–Ω–æ—Å—Ç—å—é, –ú–û–ñ–ù–û –í –°–£–ë–ê–†–ï–ù–î–£ –ù–ê–£–†–£–ó–ë–ê–ô –ë–û–¢–´–†–ê-–ñ–ò–ë–ï–ö –ñ–û–õ–´-–ê–î–†–ï–°",
https://krisha-photos.kcdn.online/webp/33/33e56c68-a324-4d1f-9bb1-3e0d1e606958/14-400x300.jpg,1-–∫–æ–º–Ω–∞—Ç–Ω–∞—è –∫–≤–∞—Ä—Ç–∏—Ä–∞ ¬∑ 45 –º¬≤ ¬∑ 8/9 —ç—Ç–∞–∂ ¬∑ –ø–æ–º–µ—Å—è—á–Ω–æ,270 000 „Äí,"–ê–ª–º–∞–ª–∏–Ω—Å–∫–∏–π —Ä-–Ω, –ö–∞–±–∞–Ω–±–∞–π –±–∞—Ç—ã—Ä–∞ 136 ‚Äî –°–µ–π—Ñ—É–ª–∏–Ω–∞","–∫–∏—Ä–ø–∏—á–Ω—ã–π –¥–æ–º, 1989 –≥.–ø., —Å–æ—Å—Ç–æ—è–Ω–∏–µ: —Å–≤–µ–∂–∏–π —Ä–µ–º–æ–Ω—Ç, –∂–∏–ª. –ø–ª–æ—â–∞–¥—å 20 –º¬≤, –∫—É—Ö–Ω—è 12 –º¬≤, —Å–∞–Ω—É–∑–µ–ª —Ä–∞–∑–¥–µ–ª—å–Ω—ã–π, —Ç–µ–ª–µ—Ñ–æ–Ω: –æ—Ç–¥–µ–ª—å–Ω—ã–π, –∏–Ω—Ç–µ—Ä–Ω–µ—Ç ADSL, –º–µ–±–ª–∏—Ä–æ–≤–∞–Ω–∞ –ø–æ–ª–Ω–æ—Å—Ç—å—é, –ú–û–ñ–ù–û –í –°–£–ë–ê–†–ï–ù–î–£. –ë–ï–ó –î–ï–ü–û–ó–ò–¢–ê",
https://krisha-photos.kcdn.online/webp/82/828554db-a557-40f4-ba0c-24701ce94c9e/30-400x300.jpg,1-–∫–æ–º–Ω–∞—Ç–Ω–∞—è –∫–≤–∞—Ä—Ç–∏—Ä–∞ ¬∑ 18 –º¬≤ ¬∑ 1/2 —ç—Ç–∞–∂ ¬∑ –ø–æ–º–µ—Å—è—á–Ω–æ,90 000 „Äí,"–ú–µ–¥–µ—É—Å–∫–∏–π —Ä-–Ω, –ö—É—Ä–∞—Ç–æ–≤–∞ ‚Äî –ê—à–∏–º–æ–≤–∞","–º–µ–±–ª–∏—Ä–æ–≤–∞–Ω–∞ —á–∞—Å—Ç–∏—á–Ω–æ, –°–¥–∞—ë—Ç—Å—è –æ—Ç–¥–µ–ª—å–Ω–∞—è –∫–æ–º–Ω–∞—Ç–∞ –≤ —Ö–æ—Ä–æ—à–µ–º —Å–æ—Å—Ç–æ—è–Ω–∏–∏ —Ä–∞–±–æ—Ç–∞—é—â–∏–º, , –Ω–µ –∫—É—Ä—è—â–∏–º –Ω–µ –ø—å—é—â–∏–º –ª—é–¥—è–º. –Ω–∞ —Ñ–æ—Ç–æ –∫–æ–º–Ω–∞—Ç–∞ –ø–æ—á—Ç–∏ –ø—É—Å—Ç–∞—è, –Ω–æ –º—ã –∫—É–ø–∏–º –¥–∏–≤–∞–Ω –∏ —á–∞–π–Ω—ã–π —Å—Ç–æ–ª–∏–∫. –ñ–µ–ª–∞—Ç–µ–ª—å–Ω–æ –¥–≤–µ –¥–µ–≤—É—à–∫–∏ –∏–ª–∏ —Å–µ–º–µ–π–Ω–∞—è –ø–∞—Ä–∞ –±–µ–∑ –∂–∏–≤–æ—Ç–Ω—ã—Ö —Å –¥–µ—Ç—å–º–∏ —Å—Ç–∞—Ä—à–µ 10–ª–µ—Ç. –°–¢–£–î–ï–ù–¢–´ –ò –ë–ï–ó –†–ê–ë–æ—Ç–ù–´–ï, –° –ú–ê–õ–ï–ù–¨–ö–ò–ú–ò –î–ï‚Ä¶",
https://krisha-photos.kcdn.online/webp/14/141564aa-474d-4b40-9d36-8a8df54fa747/21-400x300.jpg,1-–∫–æ–º–Ω–∞—Ç–Ω–∞—è –∫–≤–∞—Ä—Ç–∏—Ä–∞ ¬∑ 44 –º¬≤ ¬∑ 1/9 —ç—Ç–∞–∂ ¬∑ –ø–æ–º–µ—Å—è—á–Ω–æ,180 000 „Äí,"–ù–∞—É—Ä—ã–∑–±–∞–π—Å–∫–∏–π —Ä-–Ω, –º–∫—Ä –®—É–≥—ã–ª–∞, –ú–∏–∫—Ä–æ—Ä–∞–π–æ–Ω ¬´–®—É–≥—ã–ª–∞¬ª","–∂–∏–ª. –∫–æ–º–ø–ª–µ–∫—Å –®—É–≥—ã–ª–∞, 2018 –≥.–ø., —Å–æ—Å—Ç–æ—è–Ω–∏–µ: –Ω–µ –Ω–æ–≤—ã–π, –Ω–æ –∞–∫–∫—É—Ä–∞—Ç–Ω—ã–π —Ä–µ–º–æ–Ω—Ç, —Å–∞–Ω—É–∑–µ–ª —Å–æ–≤–º–µ—â–µ–Ω–Ω—ã–π, —Ç–µ–ª–µ—Ñ–æ–Ω: –Ω–µ—Ç, –º–µ–±–ª–∏—Ä–æ–≤–∞–Ω–∞ –ø–æ–ª–Ω–æ—Å—Ç—å—é, 1-2 –ª—é–¥—è–º –∏–ª–∏ —Å–µ–º–µ–π–Ω–æ–π –ø–∞—Ä–µ 180 000, –∫–≤–∞—Ä—Ç–ø–ª–∞—Ç–∞ –æ—Ç–¥–µ–ª—å–Ω–æ + 50.000 –≤–æ–∑–≤—Ä–∞—Ç–Ω—ã–π –¥–µ–ø–æ–∑–∏—Ç (–µ—Å–ª–∏ –Ω–∏—á–µ–≥–æ –Ω–µ —Å–ª–æ–º–∞–Ω–æ)",
https://krisha-photos.kcdn.online/webp/54/54a7de9c-a333-4302-a181-68155794c931/36-400x300.jpg,2-–∫–æ–º–Ω–∞—Ç–Ω–∞—è –∫–≤–∞—Ä—Ç–∏—Ä–∞ ¬∑ 58 –º¬≤ ¬∑ 9/16 —ç—Ç–∞–∂ ¬∑ –ø–æ–º–µ—Å—è—á–Ω–æ,350 000 „Äí,"–ë–æ—Å—Ç–∞–Ω–¥—ã–∫—Å–∫–∏–π —Ä-–Ω, –ï–≥–∏–∑–±–∞–µ–≤–∞ 7–≥ ‚Äî –°–∞—Ç–ø–∞–µ–≤–∞","–∂–∏–ª. –∫–æ–º–ø–ª–µ–∫—Å ALA Park, –º–µ–±–ª–∏—Ä–æ–≤–∞–Ω–∞ –ø–æ–ª–Ω–æ—Å—Ç—å—é, –°–¥–∞–µ—Ç—Å—è –Ω–æ–≤–∞—è –∫–≤–∞—Ä—Ç–∏—Ä–∞ –≤ –∂–∫ –≥–æ—Ä–æ–¥–∞ –ê–ª–º–∞—Ç—ã. –°–æ–≤–µ—Ä—à–µ–Ω–Ω–æ –Ω–æ–≤—ã–π —Ä–µ–º–æ–Ω—Ç, –≤—ã—Å–æ–∫–æ–∫–∞—á–µ—Å—Ç–≤–µ–Ω–Ω–∞—è —Ç–µ—Ö–Ω–∏–∫–∞ Bosch, Samsung, Smeg. –ö–≤–∞—Ä—Ç–∏—Ä–∞ –æ—á–µ–Ω—å –ø—Ä–æ—Å—Ç–æ—Ä–Ω–∞—è –∏ —Å–≤–µ—Ç–ª–∞—è, —Å–¥–∞–µ—Ç—Å—è —Ç–æ–ª—å–∫–æ –¥–ª—è –ø–æ—Ä—è–¥–æ—á–Ω—ã—Ö. –ò–Ω—Ñ—Ä–∞—Å—Ç—Ä—É–∫—Ç—É—Ä–∞ –æ—á–µ–Ω—å —Ä–∞–∑–≤–∏—Ç–∞, –≤ —à–∞–≥–æ–≤–æ–π –¥–æ—Å—Ç—É–ø–Ω–æ—Å—Ç–∏ –µ—Å—Ç—å –∫‚Ä¶",
https://krisha-photos.kcdn.online/webp/a1/a1e96e20-c753-49bd-8532-4a6e7c5c79a8/1-400x300.jpg,2-–∫–æ–º–Ω–∞—Ç–Ω–∞—è –∫–≤–∞—Ä—Ç–∏—Ä–∞ ¬∑ 60 –º¬≤ ¬∑ 4/13 —ç—Ç–∞–∂ ¬∑ –ø–æ–º–µ—Å—è—á–Ω–æ,350 000 „Äí,"–ë–æ—Å—Ç–∞–Ω–¥—ã–∫—Å–∫–∏–π —Ä-–Ω, –•–æ–¥–∂–∞–Ω–æ–≤–∞ 77 ‚Äî –ê–ª—å-–§–∞—Ä–∞–±–∏","–∂–∏–ª. –∫–æ–º–ø–ª–µ–∫—Å –ê–ª—Ç—ã–Ω –û—Ä–¥–∞, –º–µ–±–ª–∏—Ä–æ–≤–∞–Ω–∞ –ø–æ–ª–Ω–æ—Å—Ç—å—é, –û—Ç–ª–∏—á–Ω–∞—è –∫–≤–∞—Ä—Ç–∏—Ä–∞. –£–¥–æ–±–Ω–æ–µ –º–µ—Å—Ç–æ—Ä–∞—Å–ø–æ–ª–æ–∂–µ–Ω–∏–µ, –æ—Ö—Ä–∞–Ω—è–µ–º–∞—è —Ç–µ—Ä—Ä–∏—Ç–æ—Ä–∏—è. –í –∫–≤–∞—Ä—Ç–∏—Ä–µ –µ—Å—Ç—å –≤—Å–µ —É–¥–æ–±—Å—Ç–≤–∞. –°–¥–∞—ë—Ç—Å—è —Å 18 –∞–ø—Ä–µ–ª—è",
https://krisha-photos.kcdn.online/webp/05/05c88fe1-5e01-473c-86ac-dd09b5563457/1-400x300.jpg,2-–∫–æ–º–Ω–∞—Ç–Ω–∞—è –∫–≤–∞—Ä—Ç–∏—Ä–∞ ¬∑ 52.1 –º¬≤ ¬∑ 5/9 —ç—Ç–∞–∂ ¬∑ –ø–æ–º–µ—Å—è—á–Ω–æ,260 000 „Äí,"–ú–µ–¥–µ—É—Å–∫–∏–π —Ä-–Ω, –º–∫—Ä –î—É–º–∞–Ω-2, –ú–∫—Ä–Ω –î—É–º–∞–Ω-2","–∂–∏–ª. –∫–æ–º–ø–ª–µ–∫—Å Green City, –º–µ–±–ª–∏—Ä–æ–≤–∞–Ω–∞ –ø–æ–ª–Ω–æ—Å—Ç—å—é, –ù–æ–≤–∞—è –∫–≤–∞—Ä—Ç–∏—Ä–∞, –ø–µ—Ä–≤—ã–π —Ä–∞–∑ —Å–¥–∞–µ—Ç—Å—è. –î–µ–ø–æ–∑–∏—Ç 100 000—Ç–≥ –æ–±—è–∑–∞—Ç–µ–ª—å–Ω–æ! –ü—Ä–æ—Å—å–±–∞ –Ω–µ –∑–≤–æ–Ω–∏—Ç—å, –µ—Å–ª–∏ –∏–º–µ—é—Ç—Å—è –º–∞–ª–µ–Ω—å–∫–∏–µ –¥–µ—Ç–∏",
https://krisha-photos.kcdn.online/webp/2d/2d0dad29-62f0-4344-ae1a-e098842e7104/10-400x300.jpg,2-–∫–æ–º–Ω–∞—Ç–Ω–∞—è –∫–≤–∞—Ä—Ç–∏—Ä–∞ ¬∑ 52 –º¬≤ ¬∑ 5/5 —ç—Ç–∞–∂ ¬∑ –ø–æ–º–µ—Å—è—á–Ω–æ,270 000 „Äí,"–ê–ª–º–∞–ª–∏–Ω—Å–∫–∏–π —Ä-–Ω, –£—Ä–∞–∑–∞ –ò—Å–∞–µ–≤–∞ 92","–º–µ–±–ª–∏—Ä–æ–≤–∞–Ω–∞ –ø–æ–ª–Ω–æ—Å—Ç—å—é, –ö–≤–∞—Ä—Ç–∏—Ä–∞ —Ä–∞—Å–ø–æ–ª–æ–∂–µ–Ω–∞ –≤ —Ç–∏—Ö–æ–º –º–µ—Å—Ç–µ –Ω–∞ –Ω–µ –ø—Ä–æ–µ–∑–¥–Ω–æ–π —É–ª–∏—Ü–µ. —Ä–∞–∑–≤–∏—Ç–∞—è –∏–Ω—Ñ—Ä–∞—Å—Ç—Ä—É–∫—Ç—É—Ä–∞. –≤ —à–∞–≥–æ–≤–æ–π –¥–æ—Å—Ç—É–ø–Ω–æ—Å—Ç–∏ –Ω–∞—Ö–æ–¥—è—Ç—Å—è —à–∫–æ–ª—ã, —Å—É–ø–µ—Ä–º–∞—Ä–∫–µ—Ç, –ø—Ä–æ–¥—É–∫—Ç–æ–≤—ã–π –±–∞–∑–∞—Ä, –±–∞–Ω–∫–∏, –ø–æ–ª–∏–∫–ª–∏–Ω–∏–∫–∞. –æ—á–µ–Ω—å —É–¥–æ–±–Ω–∞—è —Ç—Ä–∞–Ω—Å–ø–æ—Ä—Ç–Ω–∞—è —Ä–∞–∑–≤—è–∑–∫–∞",
https://krisha-photos.kcdn.online/webp/a8/a8530a5d-a1c8-475e-a4b0-d973269beb3a/1-400x300.jpg,1-–∫–æ–º–Ω–∞—Ç–Ω–∞—è –∫–≤–∞—Ä—Ç–∏—Ä–∞ ¬∑ 30 –º¬≤ ¬∑ 5/9 —ç—Ç–∞–∂ ¬∑ –ø–æ–º–µ—Å—è—á–Ω–æ,170 000 „Äí,"–ù–∞—É—Ä—ã–∑–±–∞–π—Å–∫–∏–π —Ä-–Ω, –ñ—É–Ω–∏—Å–æ–≤–∞ 12/3 ‚Äî –ñ—É–Ω–∏—Å–æ–≤–∞","–∂–∏–ª. –∫–æ–º–ø–ª–µ–∫—Å Alma City, –º–µ–±–ª–∏—Ä–æ–≤–∞–Ω–∞ –ø–æ–ª–Ω–æ—Å—Ç—å—é, –°–¥–∞–º –∫–≤–∞—Ä—Ç–∏—Ä—É-—Å—Ç—É–¥–∏—é, –µ–≤—Ä–æ—Ä–µ–º–æ–Ω—Ç, –∫–æ–Ω–¥–∏—Ü–∏–æ–Ω–µ—Ä, —É–º–Ω—ã–π —Ç–µ–ª–µ–≤–∏–∑–æ—Ä, Wi-Fi, —Ç—Ä–æ–ø–∏—á–µ—Å–∫–∏–π –¥—É—à, —Ç–æ–ª—å–∫–æ –ø–æ—Ä—è–¥–æ—á–Ω–æ–π, –º–æ–ª–æ–¥–æ–π —Å–µ–º—å–µ –±–µ–∑ –≤—Ä–µ–¥–Ω—ã—Ö –ø—Ä–∏–≤—ã—á–µ–∫, –±–µ–∑ –∂–∏–≤–æ—Ç–Ω—ã—Ö! –Ω–∞ –¥–ª–∏—Ç–µ–ª—å–Ω—ã–π —Å—Ä–æ–∫+ –∫–æ–º–º—É–Ω–∞–ª–∫–∞ +50 —Ç—ã—Å –¥–µ–ø–æ–∑–∏—Ç",
https://krisha-photos.kcdn.online/webp/e5/e52694f6-690d-4350-843a-fadcf23924c4/1-400x300.jpg,4-–∫–æ–º–Ω–∞—Ç–Ω–∞—è –∫–≤–∞—Ä—Ç–∏—Ä–∞ ¬∑ 136 –º¬≤ ¬∑ 7/21 —ç—Ç–∞–∂ ¬∑ –ø–æ–º–µ—Å—è—á–Ω–æ,900 000 „Äí,"–ú–µ–¥–µ—É—Å–∫–∏–π —Ä-–Ω, –º–∫—Ä –°–∞–º–∞–ª-2, –î–æ—Å—Ç—ã–∫ 97–±","–∂–∏–ª. –∫–æ–º–ø–ª–µ–∫—Å –°–∞–º–∞–ª –î–µ–ª—é–∫—Å, –∫–∏—Ä–ø–∏—á–Ω—ã–π –¥–æ–º, 2008 –≥.–ø., –∂–∏–ª. –ø–ª–æ—â–∞–¥—å 90 –º¬≤, –º–µ–±–ª–∏—Ä–æ–≤–∞–Ω–∞ –ø–æ–ª–Ω–æ—Å—Ç—å—é, –ö–≤–∞—Ä—Ç–∏—Ä–∞ –æ—Ç —Ö–æ–∑—è–∏–Ω–∞ –±–µ–∑ —Ä–∏—ç–ª—Ç–æ—Ä–æ–≤. –ü—Ä–æ—Å—Ç–æ—Ä–Ω–∞—è, —Å–≤–µ—Ç–ª–∞—è, —Å –≤–∏–¥–æ–º –Ω–∞ –ö–æ–∫ –¢–æ–±–µ, –∏—Ç–∞–ª—å—è–Ω—Å–∫–æ–π –º–µ–±–µ–ª—å—é. –ü–∞—Ä–∫–∏–Ω–≥. 3 —Å–ø–∞–ª—å–Ω–∏, –±–æ–ª—å—à–æ–π –∑–∞–ª, 2 —Å/—É, –∫–ª–∞–¥–æ–≤–∫–∞. 900 000+ –∫–æ–º–º—É–Ω–∞–ª—å–Ω—ã–µ, –≤–æ–∑–º–æ–∂–Ω–æ –æ—Ñ–æ—Ä–º–ª–µ–Ω–∏–µ —á–µ—Ä–µ–∑ –ò–ü. –ü‚Ä¶",
https://krisha-photos.kcdn.online/webp/6f/6f9823ff-7755-4ba1-9e7c-96a18dd3c4ba/1-400x300.jpg,1-–∫–æ–º–Ω–∞—Ç–Ω–∞—è –∫–≤–∞—Ä—Ç–∏—Ä–∞ ¬∑ 41 –º¬≤ ¬∑ 3/9 —ç—Ç–∞–∂ ¬∑ –ø–æ–º–µ—Å—è—á–Ω–æ,200 000 „Äí,"–ë–æ—Å—Ç–∞–Ω–¥—ã–∫—Å–∫–∏–π —Ä-–Ω, –ì–∞–≥–∞—Ä–∏–Ω–∞ 152","–º–µ–±–ª–∏—Ä–æ–≤–∞–Ω–∞ –ø–æ–ª–Ω–æ—Å—Ç—å—é, –ß–∏—Å—Ç–∞—è –∏ –∞–∫–∫—É—Ä–∞—Ç–Ω–∞—è –∫–≤–∞—Ä—Ç–∏—Ä–∞. –î–µ–ø–æ–∑–∏—Ç 200000 —Ç–≥. –°—Ä–æ–∫ –∞—Ä–µ–Ω–¥—ã –ú–∏–Ω–∏–º—É–º –Ω–∞ 6 –º–µ—Å—è—Ü–µ–≤. –û—á–µ–Ω—å –¥–æ–±—Ä–æ–¥—É—à–Ω–∞—è –∏ –∞–¥–µ–∫–≤–∞—Ç–Ω–∞—è —Ö–æ–∑—è–π–∫–∞ –∫–≤–∞—Ä—Ç–∏—Ä—ã!",
https://krisha-photos.kcdn.online/webp/de/de9e56e9-0c31-4a98-ae89-cc8f0d763dcd/5-400x300.jpg,1-–∫–æ–º–Ω–∞—Ç–Ω–∞—è –∫–≤–∞—Ä—Ç–∏—Ä–∞ ¬∑ 25 –º¬≤ ¬∑ 3/5 —ç—Ç–∞–∂ ¬∑ –ø–æ–º–µ—Å—è—á–Ω–æ,130 000 „Äí,"–ñ–µ—Ç—ã—Å—É—Å–∫–∏–π —Ä-–Ω, –ö–∞–∑–∞–∫–æ–≤–∞ 9–∞/1 ‚Äî –í–æ–∑–ª–µ –¢–†–¶ ""–ú–∞–∫—Å–∏–º–∞""","–º–µ–±–ª–∏—Ä–æ–≤–∞–Ω–∞ –ø–æ–ª–Ω–æ—Å—Ç—å—é, –û–ë–©–ï–ñ–ò–¢–ò–ï 5-–∏ —ç—Ç–∞–∂–Ω–æ–µ –±–ª–∞–≥–æ—É—Å—Ç—Ä–æ–µ–Ω–Ω–æ–µ, –Ω–∞—Ö–æ–¥–∏—Ç—Å—è –≤ —Ä–∞–π–æ–Ω–µ –¢–†–¶ ""–ú–∞–∫—Å–∏–º–∞"" –∫–æ–º–Ω–∞—Ç–∞ —Å—Ç—É–¥–∏—è: —á–∏—Å—Ç–∞—è, —É—é—Ç–Ω–∞—è, —Ç–µ–ø–ª–∞—è. –ñ–∏—Ç–µ–ª–∏ –ø–æ—Ä—è–¥–æ—á–Ω—ã–µ, —á–∏—Å—Ç–æ–ø–ª–æ—Ç–Ω—ã–µ, —Å–ø–æ–∫–æ–π–Ω—ã–µ, –≤—Å–µ –∑–∞–Ω—è—Ç—ã–µ –ª—é–¥–∏. –†–∞–∑–≤–∏—Ç–∞—è –∏–Ω—Ñ—Ä–æ—Å—Ç—Ä—É–∫—Ç—É—Ä–∞. –í—Å–µ –Ω–µ–æ–±—Ö–æ–¥–∏–º–æ–µ –≤ —à–∞–≥–æ–≤–æ–π –¥–æ—Å—Ç—É–ø–Ω–æ—Å—Ç–∏: 2-—à–∫–æ–ª—ã, 1-–≥–æ—Å—É–¥–∞—Ä—Å—Ç–≤–µ–Ω–Ω—ã–π –∏ 6-—á–∞—Å—Ç–Ω‚Ä¶",
https://krisha-photos.kcdn.online/webp/dd/dd116a69-1858-46aa-9e7a-a99c5fbe6508/1-400x300.jpg,1-–∫–æ–º–Ω–∞—Ç–Ω–∞—è –∫–≤–∞—Ä—Ç–∏—Ä–∞ ¬∑ 41 –º¬≤ ¬∑ 3/5 —ç—Ç–∞–∂ ¬∑ –ø–æ–º–µ—Å—è—á–Ω–æ,330 000 „Äí,"–ú–µ–¥–µ—É—Å–∫–∏–π —Ä-–Ω, –ö–∞–±–∞–Ω–±–∞–π –±–∞—Ç—ã—Ä–∞ 65 ‚Äî –ü—É—à–∫–∏–Ω–∞",–º–µ–±–ª–∏—Ä–æ–≤–∞–Ω–∞ –ø–æ–ª–Ω–æ—Å—Ç—å—é,
https://krisha-photos.kcdn.online/webp/9d/9d876e75-f861-4e9c-bfed-922c63774ea6/1-400x300.jpg,2-–∫–æ–º–Ω–∞—Ç–Ω–∞—è –∫–≤–∞—Ä—Ç–∏—Ä–∞ ¬∑ 75 –º¬≤ ¬∑ 5/12 —ç—Ç–∞–∂ ¬∑ –ø–æ–º–µ—Å—è—á–Ω–æ,400 000 „Äí,"–ê–ª–º–∞–ª–∏–Ω—Å–∫–∏–π —Ä-–Ω, –º–∫—Ä –¢–∞—Å—Ç–∞–∫-2, –¢—É—Ä–≥—É—Ç –û–∑–∞–ª–∞ ‚Äî –£–≥ —É–ª –ê–±–∞—è","–∂–∏–ª. –∫–æ–º–ø–ª–µ–∫—Å O'NER, –º–µ–±–ª–∏—Ä–æ–≤–∞–Ω–∞ –ø–æ–ª–Ω–æ—Å—Ç—å—é, üîπ –£—é—Ç –∏ –∫–æ–º—Ñ–æ—Ä—Ç –≤ —Ü–µ–Ω—Ç—Ä–µ! 2-–∫–æ–º–Ω–∞—Ç–Ω–∞—è —Å –∏–∑–æ–ª–∏—Ä–æ–≤–∞–Ω–Ω–æ–π –∫—É—Ö–Ω–µ–π | 75 –º¬≤ | ‚Äî –ñ–ö O‚ÄôNER | Bi Group | –ê–±–∞—è‚Äì–¢—É—Ä–≥—É—Ç –û–∑–∞–ª–∞ –ü—Ä–µ–¥–ª–∞–≥–∞–µ—Ç—Å—è –≤ –∞—Ä–µ–Ω–¥—É —Å–≤–µ—Ç–ª–∞—è, –ø—Ä–æ—Å—Ç–æ—Ä–Ω–∞—è 2-–∫–æ–º–Ω–∞—Ç–Ω–∞—è –∫–≤–∞—Ä—Ç–∏—Ä–∞ —Å –∏–∑–æ–ª–∏—Ä–æ–≤–∞–Ω–Ω–æ–π –∫—É—Ö–Ω–µ–π, –≤ —Å–æ–≤—Ä–µ–º–µ–Ω–Ω–æ–º –∂–∏–ª–æ–º –∫–æ–º–ø–ª–µ–∫—Å–µ –ñ–ö O‚ÄôNER –æ—Ç Bi Group‚Ä¶",
https://krisha-photos.kcdn.online/webp/30/30ef49fc-3913-45eb-a495-1bd24740b7bf/1-400x300.jpg,2-–∫–æ–º–Ω–∞—Ç–Ω–∞—è –∫–≤–∞—Ä—Ç–∏—Ä–∞ ¬∑ 50 –º¬≤ ¬∑ 17/20 —ç—Ç–∞–∂ ¬∑ –ø–æ–º–µ—Å—è—á–Ω–æ,500 000 „Äí,"–ë–æ—Å—Ç–∞–Ω–¥—ã–∫—Å–∫–∏–π —Ä-–Ω, –ì–∞–≥–∞—Ä–∏–Ω–∞ 310","–∂–∏–ª. –∫–æ–º–ø–ª–µ–∫—Å –ö–æ–º—Ñ–æ—Ä—Ç –°–∏—Ç–∏, –º–µ–±–ª–∏—Ä–æ–≤–∞–Ω–∞ –ø–æ–ª–Ω–æ—Å—Ç—å—é, –ù–æ–≤–∞—è –∫–≤–∞—Ä—Ç–∏—Ä–∞ –≤ –ñ–∫ –ö–æ–º—Ñ–æ—Ä—Ç —Å–∏—Ç–∏, –ø–æ –≤—Å–µ–º –≤–æ–ø—Ä–æ—Å–∞–º –∑–≤–æ–Ω–∏—Ç–µ –ø–æ —É–∫–∞–∑–∞–Ω–Ω–æ–º—É –Ω–æ–º–µ—Ä—É",
https://krisha-photos.kcdn.online/webp/16/169ad72d-4ab6-4122-91d7-480058c93f28/1-400x300.jpg,2-–∫–æ–º–Ω–∞—Ç–Ω–∞—è –∫–≤–∞—Ä—Ç–∏—Ä–∞ ¬∑ 50 –º¬≤ ¬∑ 8/12 —ç—Ç–∞–∂ ¬∑ –ø–æ–º–µ—Å—è—á–Ω–æ,340 000 „Äí,"–ê–ª–º–∞–ª–∏–Ω—Å–∫–∏–π —Ä-–Ω, –¢–æ–ª–µ –±–∏ 189/3 ‚Äî –ì–∞–≥–∞—Ä–∏–Ω–∞","–∂–∏–ª. –∫–æ–º–ø–ª–µ–∫—Å Nomad, –º–µ–±–ª–∏—Ä–æ–≤–∞–Ω–∞ –ø–æ–ª–Ω–æ—Å—Ç—å—é, üè° –°–¥–∞–µ—Ç—Å—è 2-–∫–æ–º–Ω–∞—Ç–Ω–∞—è –∫–≤–∞—Ä—Ç–∏—Ä–∞ –≤ —Ü–µ–Ω—Ç—Ä–µ –ê–ª–º–∞—Ç—ã! üåü —á–∏—Å—Ç–æ–ø–ª–æ—Ç–Ω—ã–º, –ø–æ—Ä—è–¥–æ—á–Ω—ã–º –Ω–∞ –¥–æ–ª–≥–∏–π —Å—Ä–æ–∫! –ö–≤–∞—Ä—Ç–∏—Ä–∞ –ø–æ—Å–ª–µ –∫–æ—Å–º–µ—Ç–∏—á–µ—Å–∫–æ–≥–æ —Ä–µ–º–æ–Ω—Ç–∞ –∏ –≥–µ–Ω–µ—Ä–∞–ª—å–Ω–æ–π —É–±–æ—Ä–∫–∏! üìç –ú–µ—Å—Ç–æ–ø–æ–ª–æ–∂–µ–Ω–∏–µ: —Å–µ—Ä–¥—Ü–µ –≥–æ—Ä–æ–¥–∞ ‚Äî —à–∞–≥–æ–≤–∞—è –¥–æ—Å—Ç—É–ø–Ω–æ—Å—Ç—å –¥–æ –≤—Å–µ—Ö –∫–ª—é—á–µ–≤—ã—Ö –æ–±—ä–µ–∫—Ç–æ–≤ –∏–Ω—Ñ—Ä–∞—Å—Ç—Ä—É–∫—Ç—É—Ä—ã: –º–∞–≥–∞–∑–∏‚Ä¶",
https://krisha-photos.kcdn.online/webp/3d/3d73d26b-bd4c-4913-9c02-23d8ab73bfd2/1-400x300.jpg,2-–∫–æ–º–Ω–∞—Ç–Ω–∞—è –∫–≤–∞—Ä—Ç–∏—Ä–∞ ¬∑ 70 –º¬≤ ¬∑ 2/5 —ç—Ç–∞–∂ ¬∑ –ø–æ–º–µ—Å—è—á–Ω–æ,630 000 „Äí,"–ú–µ–¥–µ—É—Å–∫–∏–π —Ä-–Ω, –º–∫—Ä –ö–æ–∫—Ç–æ–±–µ, –°–∞–≥–∞–¥–∞—Ç –ù—É—Ä–º–∞–≥–∞–º–±–µ—Ç–æ–≤–∞ ‚Äî –í–æ—Å—Ç–æ—á–Ω–æ–∏ –æ–±—å–µ–∑–¥–Ω–æ–∏","–∂–∏–ª. –∫–æ–º–ø–ª–µ–∫—Å Koktobe city, –º–µ–±–ª–∏—Ä–æ–≤–∞–Ω–∞ –ø–æ–ª–Ω–æ—Å—Ç—å—é",
https://krisha-photos.kcdn.online/webp/d1/d1e1349e-9bf4-403d-a80f-4642b7fecaf8/1-400x300.jpg,1-–∫–æ–º–Ω–∞—Ç–Ω–∞—è –∫–≤–∞—Ä—Ç–∏—Ä–∞ ¬∑ 30 –º¬≤ ¬∑ 8/12 —ç—Ç–∞–∂ ¬∑ –ø–æ–º–µ—Å—è—á–Ω–æ,200 000 „Äí,"–ê–ª–∞—Ç–∞—É—Å–∫–∏–π —Ä-–Ω, –º–∫—Ä –ê–∫–∫–µ–Ω—Ç, –†–∞–π—ã–º–±–µ–∫–∞ ‚Äî –Ø—Å—Å–∞—É–∏","–∂–∏–ª. –∫–æ–º–ø–ª–µ–∫—Å –ê–∫–∫–µ–Ω—Ç, –ö–≤–∞—Ä—Ç–∏—Ä–∞ —Å—Ç—É–¥–∏—è —Å–æ —Å–≤–µ–∂–∏–º –µ–≤—Ä–æ—Ä–µ–º–æ–Ω—Ç–æ–º –≤—Å—ë –Ω–æ–≤–æ–µ, –ø–æ–ª–Ω–æ—Å—Ç—å—é –º–µ–±–ª–∏—Ä–æ–≤–∞–Ω–Ω–∞—è —Å –Ω–æ–≤–æ–π —Ç–µ—Ö–Ω–∏–∫–æ–π, —á–∏—Å—Ç–æ–ø–ª–æ—Ç–Ω—ã–º –ø–æ—Ä—è–¥–æ—á–Ω—ã–º –ª—é–¥—è–º, –∫–æ–º–º—É–Ω–∞–ª—å–Ω—ã–µ, –≤–æ–∑–≤—Ä–∞—Ç–Ω—ã–π –¥–µ–ø–æ–∑–∏—Ç, –Ω–∞ –¥–ª–∏—Ç–µ–ª—å–Ω—ã–π —Å—Ä–æ–∫, —Ä–∏—ç–ª—Ç–æ—Ä—Å–∫–∏–µ —É—Å–ª—É–≥–∏",
https://krisha-photos.kcdn.online/webp/42/42ce8420-30b4-434d-8eb8-6e65d92f39c2/1-400x300.jpg,1-–∫–æ–º–Ω–∞—Ç–Ω–∞—è –∫–≤–∞—Ä—Ç–∏—Ä–∞ ¬∑ 42 –º¬≤ ¬∑ 12/13 —ç—Ç–∞–∂ ¬∑ –ø–æ–º–µ—Å—è—á–Ω–æ,300 000 „Äí,"–ê–ª–º–∞–ª–∏–Ω—Å–∫–∏–π —Ä-–Ω, –ú—É—Ä–∞—Ç–±–∞–µ–≤–∞ 14/5","–∂–∏–ª. –∫–æ–º–ø–ª–µ–∫—Å 12 –º–µ—Å—è—Ü–µ–≤, –º–µ–±–ª–∏—Ä–æ–≤–∞–Ω–∞ –ø–æ–ª–Ω–æ—Å—Ç—å—é, –°–¥–∞–º 1-–∫–æ–º–Ω –∫–≤–∞—Ä—Ç–∏—Ä—É, –∫–≤–∞—Ä—Ç–∏—Ä–∞ –ø–æ—Å–ª–µ —Ä–µ–º–æ–Ω—Ç–∞, –º–µ–±–µ–ª—å –Ω–æ–≤–∞—è, –ø–æ–ª–Ω–æ—Å—Ç—å—é –æ–±—É—Å—Ç—Ä–æ–µ–Ω–∞, –Ω–æ–≤–∞—è —Ç–µ—Ö–Ω–∏–∫–∞. –ò–º–µ–µ—Ç—Å—è –∫–æ–Ω–¥–∏—Ü–∏–æ–Ω–µ—Ä, –æ—á–µ–Ω—å —Ä–∞–∑–≤–∏—Ç–∞—è –∏–Ω—Ñ—Ä–∞—Å—Ç—Ä—É–∫—Ç—É—Ä–∞. –î–µ–ø–æ–∑–∏—Ç 100 –∫, –æ–±—è–∑–∞—Ç–µ–ª—å–Ω–æ",
https://krisha-photos.kcdn.online/webp/9b/9bbf45ba-94b7-43ab-a69b-d444b046023f/11-400x300.jpg,1-–∫–æ–º–Ω–∞—Ç–Ω–∞—è –∫–≤–∞—Ä—Ç–∏—Ä–∞ ¬∑ 40 –º¬≤ ¬∑ 2/9 —ç—Ç–∞–∂ ¬∑ –ø–æ–º–µ—Å—è—á–Ω–æ,200 000 „Äí,"–ê—É—ç–∑–æ–≤—Å–∫–∏–π —Ä-–Ω, –º–∫—Ä –ñ–µ—Ç—ã—Å—É-2 ‚Äî –ê–±–∞—è –°–∞–∏–Ω–∞","–º–µ–±–ª–∏—Ä–æ–≤–∞–Ω–∞ –ø–æ–ª–Ω–æ—Å—Ç—å—é, –£—é—Ç–Ω–∞—è —Ç—ë–ø–ª–∞—è –∫–≤–∞—Ä—Ç–∏—Ä–∞ –≤ —Ö–æ—Ä–æ—à–µ–º —Ä–∞–π–æ–Ω–µ –≤—Å—ë –Ω–µ–æ–±—Ö–æ–¥–∏–º–æ–µ –µ—Å—Ç—å, —Å—Ç–∏—Ä–∞–ª–∫–∞ –∞–≤—Ç–æ–º–∞—Ç, –º–∏–∫—Ä–æ–≤–æ–ª–Ω–æ–≤–∫–∞, –±–æ–ª—å—à–æ–π —Ö–æ–ª–æ–¥–∏–ª—å–Ω–∏–∫, –≥–∞—Ä–¥–µ—Ä–æ–±–Ω–∞—è —Å –≤–º–µ—Å—Ç–∏—Ç–µ–ª—å–Ω—ã–º —à–∫–∞—Ñ–æ–º —Å –∞–Ω—Ç—Ä–µ—Å–æ–ª—è–º–∏, –±–∞–ª–∫–æ–Ω —Å–æ —à–∫–∞—Ñ–∞–º–∏ –≤—Å—ë —Ä—è–¥–æ–º –æ—Å—Ç–∞–Ω–æ–≤–∫–∏ –º–∞–≥–∞–∑–∏–Ω—ã +–∫–æ–º–º—É–Ω–∞–ª—å–Ω—ã–µ —Ä–∏—ç–ª—Ç–æ—Ä—Å–∫–∏–µ —É—Å–ª—É–≥–∏",
https://krisha-photos.kcdn.online/webp/13/131244c0-a76c-4540-8851-01d7e4e10285/1-400x300.jpg,2-–∫–æ–º–Ω–∞—Ç–Ω–∞—è –∫–≤–∞—Ä—Ç–∏—Ä–∞ ¬∑ 66 –º¬≤ ¬∑ 13/17 —ç—Ç–∞–∂ ¬∑ –ø–æ–º–µ—Å—è—á–Ω–æ,370 000 „Äí,"–ê–ª–º–∞–ª–∏–Ω—Å–∫–∏–π —Ä-–Ω, –¢–æ–ª–µ –±–∏ 181 ‚Äî –ê—É—ç–∑–æ–≤–∞","–∂–∏–ª. –∫–æ–º–ø–ª–µ–∫—Å ASSEM PLAZA, –º–æ–Ω–æ–ª–∏—Ç–Ω—ã–π –¥–æ–º, 2020 –≥.–ø., –∂–∏–ª. –ø–ª–æ—â–∞–¥—å 46 –º¬≤, –∫—É—Ö–Ω—è 20 –º¬≤, –ø–æ—Ç–æ–ª–∫–∏ 3–º., —Å–∞–Ω—É–∑–µ–ª —Å–æ–≤–º–µ—â–µ–Ω–Ω—ã–π, —Ç–µ–ª–µ—Ñ–æ–Ω: –µ—Å—Ç—å –≤–æ–∑–º–æ–∂–Ω–æ—Å—Ç—å –ø–æ–¥–∫–ª—é—á–µ–Ω–∏—è, –∏–Ω—Ç–µ—Ä–Ω–µ—Ç –ø—Ä–æ–≤–æ–¥–Ω–æ–π, –º–µ–±–ª–∏—Ä–æ–≤–∞–Ω–∞ –ø–æ–ª–Ω–æ—Å—Ç—å—é, –ù–æ–≤–∞—è –∫–≤–∞—Ä—Ç–∏—Ä–∞ –≤ –Ω–æ–≤–æ–º —ç–ª–∏—Ç–Ω–æ–º –ñ–ö –êssem Plaza –±–∏–∑–Ω–µ—Å –∫–ª–∞—Å—Å–∞ –≤ —Ü–µ–Ω—Ç—Ä–µ –≥–æ—Ä–æ–¥–∞. –í –∫–≤–∞—Ä—Ç–∏—Ä–µ –µ—Å—Ç—å –≤‚Ä¶",
https://krisha-photos.kcdn.online/webp/43/433ccf9e-0d21-477c-aeb9-155f7460b381/1-400x300.jpg,2-–∫–æ–º–Ω–∞—Ç–Ω–∞—è –∫–≤–∞—Ä—Ç–∏—Ä–∞ ¬∑ 66 –º¬≤ ¬∑ 9/16 —ç—Ç–∞–∂ ¬∑ –ø–æ–º–µ—Å—è—á–Ω–æ,260 000 „Äí,"–ê–ª–∞—Ç–∞—É—Å–∫–∏–π —Ä-–Ω, –º–∫—Ä –ê–∫–∫–µ–Ω—Ç, –ú–∫—Ä.–ê–∫–∫–µ–Ω—Ç 54","–∂–∏–ª. –∫–æ–º–ø–ª–µ–∫—Å –ê–∫–∫–µ–Ω—Ç, –º–µ–±–ª–∏—Ä–æ–≤–∞–Ω–∞ –ø–æ–ª–Ω–æ—Å—Ç—å—é, –ê—Ä–µ–Ω–¥–∞ + –∫–æ–º. —É—Å–ª—É–≥–∞. –ù–æ–≤—ã–π –±–æ–ª—å—à–æ–π —É–≥–ª–æ–≤–æ–π –¥–∏–≤–∞–Ω –≤ –∑–∞–ª–µ, –Ω–æ–≤—ã–π –¥–æ—Ä–æ–≥–æ–π –æ—Ä—Ç–æ–ø–µ–¥–∏—á–µ—Å–∫–∏–π –º–∞—Ç—Ä–∞—Å –≤ —Å–ø–∞–ª—å–Ω–µ. –í—Å—è –Ω–æ–≤–∞—è –±—ã—Ç–æ–≤–∞—è —Ç–µ—Ö–Ω–∏–∫–∞ (Beko, Samsung, Bosch), —Ñ–∏–ª—å—Ç—Ä –¥–ª—è –≤–æ–¥—ã –ê–∫–≤–∞—Ñ–æ—Ä –Ω–æ–≤—ã–µ –∫–∞—Ä—Ç—Ä–∏–¥–∂—ã, –≥–æ—Å—Ç–µ–≤–æ–π —Å—Ç–æ–ª —Ç—Ä–∞–Ω—Å—Ñ–æ—Ä–º–µ—Ä. –µ—Å—Ç—å –î–µ–ø–æ–∑–∏—Ç - –≤–æ–∑–≤—Ä–∞—â–∞–µ—Ç—Å—è –ø‚Ä¶",
https://krisha-photos.kcdn.online/webp/4a/4a8181be-886f-4bbe-8c41-ca8155faeee0/15-400x300.jpg,3-–∫–æ–º–Ω–∞—Ç–Ω–∞—è –∫–≤–∞—Ä—Ç–∏—Ä–∞ ¬∑ 60 –º¬≤ ¬∑ 5/5 —ç—Ç–∞–∂ ¬∑ –ø–æ–º–µ—Å—è—á–Ω–æ,300 000 „Äí,"–ê–ª–º–∞–ª–∏–Ω—Å–∫–∏–π —Ä-–Ω, –ö–∞—Ä–∞—Å–∞–π –±–∞—Ç—ã—Ä–∞ 180 ‚Äî –ñ–∞—Ä–æ–∫–æ–≤–∞","–º–µ–±–ª–∏—Ä–æ–≤–∞–Ω–∞ –ø–æ–ª–Ω–æ—Å—Ç—å—é, 3—Ö –∫–æ–º–Ω–∞—Ç–Ω–∞—è —É—é—Ç–Ω–∞—è –∫–≤–∞—Ä—Ç–∏—Ä–∞ –ø–æ–ª–Ω–æ—Å—Ç—å—é –º–µ–±–ª–∏—Ä–æ–≤–∞–Ω–∞, –æ—Ç–ª–∏—á–Ω—ã–π —Ä–∞–π–æ–Ω, –¥–≤–æ—Ä, –¥–æ–º —Ç–∏—Ö–∏–π –∏ —Å–ø–æ–∫–æ–π–Ω—ã–π, –≤–æ –¥–≤–æ—Ä–µ –ø–∞—Ä–∫–æ–≤–∫–∞, —Ö–æ—Ä–æ—à–∏–µ —Å–æ—Å–µ–¥–∏, –≤—Å–µ –≤ —à–∞–≥–æ–≤–æ–π –¥–æ—Å—Ç—É–ø–Ω–æ—Å—Ç–∏, —É–¥–æ–±–Ω—ã–µ —Ç—Ä–∞–Ω—Å–ø–æ—Ä—Ç–Ω—ã–µ —Ä–∞–∑–≤—è–∑–∫–∏, –≥–æ—Ä–æ–¥—Å–∫–æ–π —Ç—Ä–∞–Ω—Å–ø–æ—Ä—Ç, —à–∫–æ–ª—ã, —Å—É–ø–µ—Ä–º–∞—Ä–∫–µ—Ç—ã, –¥–µ—Ç—Å–∞–¥—ã, –º–∞–≥–∞–∑–∏–Ω—ã, —É—Å—Ç–∞–Ω–æ–≤–ª–µ–Ω —Ñ–∏–ª—å—Ç—Ä –¥–ª—è‚Ä¶",
https://krisha-photos.kcdn.online/webp/87/87f10fb5-18f8-4cf9-bdcc-72cc0f427c47/1-400x300.jpg,3-–∫–æ–º–Ω–∞—Ç–Ω–∞—è –∫–≤–∞—Ä—Ç–∏—Ä–∞ ¬∑ 55 –º¬≤ ¬∑ 1/3 —ç—Ç–∞–∂ ¬∑ –ø–æ–º–µ—Å—è—á–Ω–æ,280 000 „Äí,"–¢—É—Ä–∫—Å–∏–±—Å–∫–∏–π —Ä-–Ω, –ê–∫–∞–Ω —Å–µ—Ä—ã ‚Äî –°–ø–∞—Ä—Ç–∞–∫–∞","–º–µ–±–ª–∏—Ä–æ–≤–∞–Ω–∞ –ø–æ–ª–Ω–æ—Å—Ç—å—é, –û—Ç–ª–∏—á–Ω–∞—è –∫–≤–∞—Ä—Ç–∏—Ä–∞ –≤ —Ü–µ–Ω—Ç—Ä–µ –ê–ª–º–∞—Ç—ã-1. –†—è–¥–æ–º –æ—Å—Ç–∞–Ω–æ–≤–∫–∞, –º–∞–≥–∞–∑–∏–Ω—ã, —à–∫–æ–ª—ã, –¥–µ—Ç—Å–∫–∏–µ —Å–∞–¥—ã",
https://krisha-photos.kcdn.online/webp/12/12f16bc9-4ff9-4828-835e-e4b684ef99cd/20-400x300.jpg,2-–∫–æ–º–Ω–∞—Ç–Ω–∞—è –∫–≤–∞—Ä—Ç–∏—Ä–∞ ¬∑ 46 –º¬≤ ¬∑ 1/2 —ç—Ç–∞–∂ ¬∑ –ø–æ–º–µ—Å—è—á–Ω–æ,210 000 „Äí,"–ë–æ—Å—Ç–∞–Ω–¥—ã–∫—Å–∫–∏–π —Ä-–Ω, –ñ–∞—Ä–æ–∫–æ–≤–∞ ‚Äî –ñ–∞—Ä–æ–∫–æ–≤–∞ –°–∞—Ç–ø–∞–µ–≤–∞","–º–µ–±–ª–∏—Ä–æ–≤–∞–Ω–∞ –ø–æ–ª–Ω–æ—Å—Ç—å—é, –ö–≤–∞—Ä—Ç–∏—Ä–∞ —á–∏—Å—Ç–∞—è –ø–æ—Å–ª–µ —Ä–µ–º–æ–Ω—Ç–∞, –∫–æ–º–Ω–∞—Ç—ã, —Å–º–µ–∂–Ω—ã–µ, 1 —ç—Ç–∞–∂, –∫–∏—Ä–ø–∏—á–Ω—ã–π –¥–æ–º —Ç–æ–ª—Å—Ç—ã–µ —Å—Ç–µ–Ω—ã –∑–∏–º–æ–π —Ç–µ–ø–ª–æ, –ª–µ—Ç–æ–º –ø—Ä–æ—Ö–ª–∞–¥–Ω–æ, –Ω–∞ –æ–∫–Ω–∞—Ö —Ö–æ—Ä–æ—à–∏–µ —Ä–µ—à–µ—Ç–∫–∏, –¥–≤–æ–π–Ω–∞—è –¥–≤–µ—Ä—å –∏ –ø—Ä–∏ –∂–µ–ª–∞–Ω–∏–µ –º–æ–∂–Ω–æ –ø–æ–¥–∫–ª—é—á–∏—Ç—å –æ—Ö—Ä–∞–Ω—É –≤—Å—è –∞–ø–ø–∞—Ä–∞—Ç—É—Ä–∞ –≤ –Ω–∞–ª–∏—á–∏–∏. –†—è–¥–æ–º –º–µ—Ç—Ä–æ, –æ—Å—Ç–∞–Ω–æ–≤–∫–∞, –µ—Å—Ç—å –≤—Å–µ –Ω–µ–æ–±—Ö–æ–¥–∏–º–æ–µ, –≤–∞–π-—Ñ–∞–π‚Ä¶",
https://krisha-photos.kcdn.online/webp/ac/ace1ef26-7e19-4ec6-be3c-45a9086a6ac6/1-400x300.jpg,2-–∫–æ–º–Ω–∞—Ç–Ω–∞—è –∫–≤–∞—Ä—Ç–∏—Ä–∞ ¬∑ 48 –º¬≤ ¬∑ 3/5 —ç—Ç–∞–∂ ¬∑ –ø–æ–º–µ—Å—è—á–Ω–æ,200 000 „Äí,"–ê–ª–∞—Ç–∞—É—Å–∫–∏–π —Ä-–Ω, –º–∫—Ä –°–∞—è–ª—ã ‚Äî –ê–∫-–∫–∞–π–Ω–∞—Ä","–º–µ–±–ª–∏—Ä–æ–≤–∞–Ω–∞ —á–∞—Å—Ç–∏—á–Ω–æ, –ö–≤–∞—Ä—Ç–∏—Ä–∞ –ø–æ—Å–ª–µ —Ä–µ–º–æ–Ω—Ç–∞, –≤ –æ—Ç–ª–∏—á–Ω–æ–º —Å–æ—Å—Ç–æ—è–Ω–∏–∏, —á–∞—Å—Ç–∏—á–Ω–æ –º–µ–±–µ–ª–∏—Ä–æ–≤–∞–Ω–∞, —Å—Ç–∏—Ä–∞–ª–∫–∞ –∞–≤—Ç–æ–º–∞—Ç, —Ö–æ–ª–æ–¥–∏–ª—å–Ω–∏–∫, –∫—É—Ö–æ–Ω–Ω—ã–π—ã –≥–∞—Ä–Ω–∏—Ç—É—Ä –∏–º–µ–µ—Ç—Å—è, –º–æ–≥—É—Ç —á–∞—Å—Ç–∏—á–Ω–æ –ø–æ –∂–µ–ª–∞–Ω–∏—é –ø–æ—Å—Ç–∞–≤–∏—Ç—å –¥–∏–≤–∞–Ω –∏–ª–∏ –∫—Ä–æ–≤–∞—Ç—å. –ò–∑ 1 –∫–æ–º–Ω–∞—Ç–Ω–æ–π –ø–µ—Ä–µ–ø–ª–∞–Ω–∏—Ä–æ–≤–∞–Ω–∞ –Ω–∞ 2—Ö –∫–æ–º–Ω–∞—Ç–Ω—É—é, –∫—É—Ö–Ω—è –ø–µ—Ä–µ–Ω–µ—Å–µ–Ω–∞ –Ω–∞ –±–∞–ª–∫–æ–Ω, –≤–º–µ—Å—Ç–æ –∫—É—Ö–Ω–∏ —Å–ø–∞–ª‚Ä¶",
https://krisha-photos.kcdn.online/webp/5a/5a405554-8a96-4367-93bd-c42836adca2d/1-400x300.jpg,1-–∫–æ–º–Ω–∞—Ç–Ω–∞—è –∫–≤–∞—Ä—Ç–∏—Ä–∞ ¬∑ 35 –º¬≤ ¬∑ 7/9 —ç—Ç–∞–∂ ¬∑ –ø–æ–º–µ—Å—è—á–Ω–æ,180 000 „Äí,"–ù–∞—É—Ä—ã–∑–±–∞–π—Å–∫–∏–π —Ä-–Ω, –º–∫—Ä –®—É–≥—ã–ª–∞, –ú–∫—Ä. –®—É–≥—ã–ª–∞ 340/35 –∫1","–∂–∏–ª. –∫–æ–º–ø–ª–µ–∫—Å Alem city 2, –º–µ–±–ª–∏—Ä–æ–≤–∞–Ω–∞ –ø–æ–ª–Ω–æ—Å—Ç—å—é",
https://krisha-photos.kcdn.online/webp/07/0733e2b5-fc26-403e-ab6a-375b7f81b5ed/1-400x300.jpg,2-–∫–æ–º–Ω–∞—Ç–Ω–∞—è –∫–≤–∞—Ä—Ç–∏—Ä–∞ ¬∑ 65 –º¬≤ ¬∑ 12/12 —ç—Ç–∞–∂ ¬∑ –ø–æ–º–µ—Å—è—á–Ω–æ,380 000 „Äí,"–ë–æ—Å—Ç–∞–Ω–¥—ã–∫—Å–∫–∏–π —Ä-–Ω, –°–∞—Ç–ø–∞–µ–≤–∞ 90–∞ ‚Äî –¢—É—Ä–∫–µ–±–∞–µ–≤–∞ - –°–∞—Ç–ø–∞–µ–≤–∞","–∂–∏–ª. –∫–æ–º–ø–ª–µ–∫—Å –ê–∫–≤–∞—Ä–µ–ª—å, –º–µ–±–ª–∏—Ä–æ–≤–∞–Ω–∞ –ø–æ–ª–Ω–æ—Å—Ç—å—é, –°–¥–∞–µ—Ç—Å—è —Å–≤–µ—Ç–ª–∞—è –ø—Ä–æ—Å—Ç–æ—Ä–Ω–∞—è 2-–∫–æ–º–Ω–∞—Ç–Ω–∞—è –∫–≤–∞—Ä—Ç–∏—Ä–∞ –≤ –æ–¥–Ω–æ–º –∏–∑ —Å–∞–º—ã—Ö –ø—Ä–∏—è—Ç–Ω—ã—Ö –ñ–ö —É –ê–î–ö - –ê–∫–≤–∞—Ä–µ–ª—å (–∫–æ–º—Ñ–æ—Ä—Ç-–∫–ª–∞—Å—Å +). –í–∏–¥ –Ω–∞ –≥–æ—Ä—ã üèîÔ∏è –ü—Ä–æ–∂–∏–≤–∞–Ω–∏–µ —Å –∂–∏–≤–æ—Ç–Ω—ã–º–∏ –æ–±—Å—É–∂–¥–∞–µ—Ç—Å—è –∏–Ω–¥–∏–≤–∏–¥—É–∞–ª—å–Ω–æ. –û—Ç–¥–µ–ª—å–Ω–∞—è –ö—É—Ö–Ω—è, –∑–∞–ª, —Å–ø–∞–ª—å–Ω—è. –î–∏–≤–∞–Ω –±–æ–ª—å—à–æ–π —Ä–∞—Å–∫–ª–∞–¥–Ω–æ–π, –≤ –∑–∞–ª–µ S‚Ä¶",
https://krisha-photos.kcdn.online/webp/56/5618b989-cdf9-46bb-b015-be62b3036bdd/75-400x300.jpg,2-–∫–æ–º–Ω–∞—Ç–Ω–∞—è –∫–≤–∞—Ä—Ç–∏—Ä–∞ ¬∑ 85 –º¬≤ ¬∑ 7/15 —ç—Ç–∞–∂ ¬∑ –ø–æ–º–µ—Å—è—á–Ω–æ,370 000 „Äí,"–ë–æ—Å—Ç–∞–Ω–¥—ã–∫—Å–∫–∏–π —Ä-–Ω, –°–∞—Ç–ø–∞–µ–≤–∞ 9–± ‚Äî –°–∞—Ç–ø–∞–µ–≤–∞ - –°–µ–π—Ñ—É–ª–ª–∏–Ω–∞","–∂–∏–ª. –∫–æ–º–ø–ª–µ–∫—Å –ê–ª—Ç—ã–Ω –ó–∞–º–∞–Ω, –º–µ–±–ª–∏—Ä–æ–≤–∞–Ω–∞ –ø–æ–ª–Ω–æ—Å—Ç—å—é, –°–¥–∞–µ—Ç—Å—è —Å–≤–µ—Ç–ª–∞—è –ø—Ä–æ—Å—Ç–æ—Ä–Ω–∞—è 2-–∫–æ–º–Ω–∞—Ç–Ω–∞—è –∫–≤–∞—Ä—Ç–∏—Ä–∞ —Å –û—Ç–¥–µ–ª—å–Ω–æ–π –∫—É—Ö–Ω–µ–π –≤ –ñ–ö –ê–ª—Ç—ã–Ω –ó–∞–º–∞–Ω. –ú–æ–∂–Ω–æ —Å –∂–∏–≤–æ—Ç–Ω—ã–º–∏, –æ–±—Å—É–∂–¥–∞–µ—Ç—Å—è –∏–Ω–¥–∏–≤–∏–¥—É–∞–ª—å–Ω–æ. –ñ–ö –ø—Ä–æ–≤–µ—Ä–µ–Ω–Ω—ã–π –≤—Ä–µ–º–µ–Ω–µ–º. –í–∏–¥ –Ω–∞ –≥–æ—Ä—ã ‚õ∞Ô∏è –í –∫–≤–∞—Ä—Ç–∏—Ä–µ –ø—Ä–æ—Å—Ç–æ—Ä–Ω–∞—è –∫—É—Ö–Ω—è, –∏–∑–æ–ª–∏—Ä–æ–≤–∞–Ω–Ω—ã–π –∑–∞–ª —Å–æ SMART-TV –∏ —Å–ø–∞–ª—å–Ω—è. –í‚Ä¶",
https://krisha-photos.kcdn.online/webp/3f/3fb3758f-e273-402b-8962-38431de13390/3-400x300.jpg,2-–∫–æ–º–Ω–∞—Ç–Ω–∞—è –∫–≤–∞—Ä—Ç–∏—Ä–∞ ¬∑ 67 –º¬≤ ¬∑ 13/16 —ç—Ç–∞–∂ ¬∑ –ø–æ–º–µ—Å—è—á–Ω–æ,500 000 „Äí,"–ë–æ—Å—Ç–∞–Ω–¥—ã–∫—Å–∫–∏–π —Ä-–Ω, –†–æ–∑—ã–±–∞–∫–∏–µ–≤–∞ ‚Äî –ï—Å–∫–∞—Ä–∞–µ–≤–∞","–∂–∏–ª. –∫–æ–º–ø–ª–µ–∫—Å Estet, –∂–∏–ª. –ø–ª–æ—â–∞–¥—å 50 –º¬≤, –∫—É—Ö–Ω—è 50 –º¬≤, –º–µ–±–ª–∏—Ä–æ–≤–∞–Ω–∞ –ø–æ–ª–Ω–æ—Å—Ç—å—é, –ü–æ—Å–ª–µ —Ä–µ–º–æ–Ω—Ç–∞. –í—Å–µ –Ω–æ–≤–æ–µ. –¢–æ–ª—å–∫–æ –∑–∞–∫–æ–Ω—á–∏–ª–∏, –µ—â–µ –Ω–∏–∫—Ç–æ –Ω–µ –∂–∏–ª. –≤—Å–µ –Ω–µ–æ–±—Ö–æ–¥–∏–º–æ–µ –µ—Å—Ç—å –¥–ª—è –∫–æ–º—Ñ–æ—Ä—Ç–Ω–æ–≥–æ –ø—Ä–æ–∂–∏–≤–∞–Ω–∏—è. –°–¥–∞—é —Å–µ–º–µ–π–Ω–æ–π –ø–∞—Ä–µ –∏–ª–∏ –æ–¥–Ω–æ–º—É —á–µ–ª–æ–≤–µ–∫—É –ë–ï–ó –î–ï–¢–ï–ô –∏ –ñ–ò–í–û–¢–ù–´–•! –Ø —Ö–æ–∑—è–π–∫–∞, –Ω–µ —Ä–∏—ç–ª—Ç–æ—Ä. –ò–º–µ–µ—Ç—Å—è —Å—Ç—Ä–∞—Ö–æ–≤–æ–π –¥–µ–ø–æ–∑–∏‚Ä¶",
https://krisha-photos.kcdn.online/webp/cf/cf254d7b-efe9-480d-9419-ee4ed920691b/1-400x300.jpg,1-–∫–æ–º–Ω–∞—Ç–Ω–∞—è –∫–≤–∞—Ä—Ç–∏—Ä–∞ ¬∑ 30 –º¬≤ ¬∑ 8/10 —ç—Ç–∞–∂ ¬∑ –ø–æ–º–µ—Å—è—á–Ω–æ,190 000 „Äí,"–¢—É—Ä–∫—Å–∏–±—Å–∫–∏–π —Ä-–Ω, –°–µ–π—Ñ—É–ª–ª–∏–Ω–∞ 51/9 ‚Äî –ú–∞–π–±–æ—Ä–æ–¥—ã","–∂–∏–ª. –∫–æ–º–ø–ª–µ–∫—Å –¢–µ—Ä–µ–º–∫–∏, –∂–∏–ª. –ø–ª–æ—â–∞–¥—å 28 –º¬≤, –∫—É—Ö–Ω—è 28 –º¬≤, –º–µ–±–ª–∏—Ä–æ–≤–∞–Ω–∞ –ø–æ–ª–Ω–æ—Å—Ç—å—é, –ö–≤–∞—Ä—Ç–∏—Ä–∞ —Å—Ç—É–¥–∏—è, –≤ –æ—Ç–ª–∏—á–Ω–æ–º —Å–æ—Å—Ç–æ—è–Ω–∏–∏, –•–æ—Ä–æ—à–µ–µ —Ä–∞—Å–ø–æ–ª–æ–∂–µ–Ω–∏–µ, —Ä–∞–∑–≤–∏—Ç–∞—è –∏–Ω—Ñ—Ä–∞—Å—Ç—Ä—É–∫—Ç—É—Ä–∞, –†–∞–π–æ–Ω –ø–µ—Ä–≤–æ–π –ê–ª–º–∞—Ç—ã, –í—Å–µ —Ä—è–¥–æ–º. –í—Å–µ –Ω–µ–æ–±—Ö–æ–¥–∏–º–æ–µ –∏–º–µ–µ—Ç—Å—è –¥–ª—è –∫–æ–º—Ñ–æ—Ä—Ç–Ω–æ–≥–æ –ø—Ä–æ–∂–∏–≤–∞–Ω–∏—è. –ï—Å—Ç—å —Å—Ç—Ä–∞—Ö–æ–≤–æ–π –≤–æ–∑–≤—Ä–∞—Ç–Ω—ã–π –¥–µ–ø–æ–∑–∏—Ç –≤ —Ä–∞–∑–º–µ—Ä–µ‚Ä¶",
https://krisha-photos.kcdn.online/webp/5a/5abba260-636e-462f-8e34-34227222c867/29-400x300.jpg,2-–∫–æ–º–Ω–∞—Ç–Ω–∞—è –∫–≤–∞—Ä—Ç–∏—Ä–∞ ¬∑ 98 –º¬≤ ¬∑ 13/16 —ç—Ç–∞–∂ ¬∑ –ø–æ–º–µ—Å—è—á–Ω–æ,180 000 „Äí,"–ù–∞—É—Ä—ã–∑–±–∞–π—Å–∫–∏–π —Ä-–Ω, –ñ—É–∞–ª—ã","–∂–∏–ª. –∫–æ–º–ø–ª–µ–∫—Å –ü—Ä–µ–º—å–µ—Ä–∞, –º–µ–±–ª–∏—Ä–æ–≤–∞–Ω–∞ —á–∞—Å—Ç–∏—á–Ω–æ, –†–∞–∑–≤–∏—Ç–∞—è –∏–Ω—Ñ—Ä–∞—Å—Ç—Ä—É–∫—Ç—É—Ä–∞, –≤—Å—ë —á—Ç–æ –Ω–µ–æ–±—Ö–æ–¥–∏–º–æ–µ –≤ —à–∞–≥–æ–≤–æ–π –¥–æ—Å—Ç—É–ø–Ω–æ—Å—Ç–∏",
https://krisha-photos.kcdn.online/webp/97/971cc03d-cc05-4b52-a26f-fc819c1e4f8d/1-400x300.jpg,2-–∫–æ–º–Ω–∞—Ç–Ω–∞—è –∫–≤–∞—Ä—Ç–∏—Ä–∞ ¬∑ 50 –º¬≤ ¬∑ 14/15 —ç—Ç–∞–∂ ¬∑ –ø–æ–º–µ—Å—è—á–Ω–æ,270 000 „Äí,"–ê–ª–º–∞–ª–∏–Ω—Å–∫–∏–π —Ä-–Ω, –†–∞–π—ã–º–±–µ–∫–∞ 210","–∂–∏–ª. –∫–æ–º–ø–ª–µ–∫—Å Auezov City, –º–µ–±–ª–∏—Ä–æ–≤–∞–Ω–∞ —á–∞—Å—Ç–∏—á–Ω–æ, –°–¥–∞–µ—Ç—Å—è —Å—Ç–∏–ª—å–Ω–∞—è –∏ —É—é—Ç–Ω–∞—è 2-–∫–æ–º–Ω–∞—Ç–Ω–∞—è –∫–≤–∞—Ä—Ç–∏—Ä–∞ –≤ –ñ–ö Auezov City –ê–¥—Ä–µ—Å: –ø—Ä. –†–∞–π—ã–º–±–µ–∫–∞, 210, –ê–ª–º–∞–ª–∏–Ω—Å–∫–∏–π —Ä–∞–π–æ–Ω, –≥–æ—Ä–æ–¥ –ê–ª–º–∞—Ç—ã –ü–ª–æ—â–∞–¥—å: 50 –∫–≤/–º | –≠—Ç–∞–∂: 14 –∏–∑ 15 –¢–∏–ø –¥–æ–º–∞: –º–æ–Ω–æ–ª–∏—Ç–Ω—ã–π | –ü–æ—Ç–æ–ª–∫–∏: 2.7 –º –û—Ç–æ–ø–ª–µ–Ω–∏–µ: –∞–≤—Ç–æ–Ω–æ–º–Ω–æ–µ | –õ–∏—Ñ—Ç: –ø–∞—Å—Å–∞–∂–∏—Ä—Å–∫–∏–π –∏ –≥—Ä—É–∑–æ–≤‚Ä¶",
https://krisha-photos.kcdn.online/webp/4b/4bb292a0-a94a-4f22-9370-112c7b73d2aa/9-400x300.jpg,1-–∫–æ–º–Ω–∞—Ç–Ω–∞—è –∫–≤–∞—Ä—Ç–∏—Ä–∞ ¬∑ 40 –º¬≤ ¬∑ 4/9 —ç—Ç–∞–∂ ¬∑ –ø–æ–º–µ—Å—è—á–Ω–æ,180 000 „Äí,"–ê–ª–º–∞–ª–∏–Ω—Å–∫–∏–π —Ä-–Ω, –¢–æ–ª–µ –±–∏ 206 ‚Äî –ì–∞–≥–∞—Ä–∏–Ω–∞","–º–µ–±–ª–∏—Ä–æ–≤–∞–Ω–∞ –ø–æ–ª–Ω–æ—Å—Ç—å—é, –°–¥–∞—ë—Ç—Å—è 1-–∫–æ–º–Ω–∞—Ç–Ω–∞—è –∫–≤–∞—Ä—Ç–∏—Ä–∞ –Ω–∞ –¢–æ–ª–µ–±–∏ –†–æ–∑—ã–±–∞–∫–∏–µ–≤–∞! –õ—É—á—à–µ–µ –ø—Ä–µ–¥–ª–æ–∂–µ–Ω–∏–µ! –£—é—Ç–Ω–∞—è, —Å–≤–µ—Ç–ª–∞—è 1-–∫–æ–º–Ω–∞—Ç–Ω–∞—è –∫–≤–∞—Ä—Ç–∏—Ä–∞ –ü–æ–ª–Ω–æ—Å—Ç—å—é –º–µ–±–ª–∏—Ä–æ–≤–∞–Ω–∞ –í—Å—è –±—ã—Ç–æ–≤–∞—è —Ç–µ—Ö–Ω–∏–∫–∞: —Ö–æ–ª–æ–¥–∏–ª—å–Ω–∏–∫, —Å—Ç–∏—Ä–∞–ª—å–Ω–∞—è –º–∞—à–∏–Ω–∞, –ø–ª–∏—Ç–∞, —Ç–µ–ª–µ–≤–∏–∑–æ—Ä –ß–∏—Å—Ç—ã–π –ø–æ–¥—ä–µ–∑–¥ –∏ —Å–ø–æ–∫–æ–π–Ω—ã–µ —Å–æ—Å–µ–¥–∏ –ü—Ä–µ–∏–º—É—â–µ—Å—Ç–≤–∞: –û—Ç–ª–∏—á–Ω–æ–µ —Ä–∞—Å–ø–æ–ª–æ–∂–µ–Ω–∏–µ: —Ä‚Ä¶",
https://krisha-photos.kcdn.online/webp/90/90f4b489-14f6-467d-89c0-1ff31e59b547/1-400x300.jpg,1-–∫–æ–º–Ω–∞—Ç–Ω–∞—è –∫–≤–∞—Ä—Ç–∏—Ä–∞ ¬∑ 15 –º¬≤ ¬∑ 1/5 —ç—Ç–∞–∂ ¬∑ –ø–æ–º–µ—Å—è—á–Ω–æ,140 000 „Äí,"–ê—É—ç–∑–æ–≤—Å–∫–∏–π —Ä-–Ω, –£—Ç–µ–≥–µ–Ω –±–∞—Ç—ã—Ä–∞ 71–∞","–º–µ–±–ª–∏—Ä–æ–≤–∞–Ω–∞ –ø–æ–ª–Ω–æ—Å—Ç—å—é, –ì—Ä–∞–Ω–¥ –ø–∞—Ä–∫. –¥–µ–ø–æ–∑–∏—Ç 40—Ç—ã—Å",
https://krisha-photos.kcdn.online/webp/30/30fcf219-b1e5-49ab-8439-85a4af6d5bae/1-400x300.jpg,2-–∫–æ–º–Ω–∞—Ç–Ω–∞—è –∫–≤–∞—Ä—Ç–∏—Ä–∞ ¬∑ 65 –º¬≤ ¬∑ 6/9 —ç—Ç–∞–∂ ¬∑ –ø–æ–º–µ—Å—è—á–Ω–æ,350 000 „Äí,"–ë–æ—Å—Ç–∞–Ω–¥—ã–∫—Å–∫–∏–π —Ä-–Ω, –º–∫—Ä –ê–ª–º–∞–≥—É–ª—å, –ñ–∞—Ä–æ–∫–æ–≤–∞ 275","–º–µ–±–ª–∏—Ä–æ–≤–∞–Ω–∞ –ø–æ–ª–Ω–æ—Å—Ç—å—é, –ö–≤–∞—Ä—Ç–∏—Ä–∞ –Ω–∞—Ö–æ–¥–∏—Ç—Å—è –≤ –æ—á–µ–Ω—å —Ö–æ—Ä–æ—à–µ–º —Ä–∞–π–æ–Ω–µ. –í–æ –¥–≤–æ—Ä–µ –¥–µ—Ç—Å–∫–∏–π —Å–∞–¥, —á–µ—Ä–µ–∑ –¥–æ—Ä–æ–≥—É –ø–∞—Ä–∫, —á–∞—Å—Ç–Ω–∞—è –∫–ª–∏–Ω–∏–∫–∞, —Å—É–ø–µ—Ä–º–∞—Ä–∫–µ—Ç —Å–∑–∞–¥–∏ –¥–æ–º–∞. –ö–≤–∞—Ä—Ç–∏—Ä–∞ –≤ —Ö–æ—Ä–æ—à–µ–º —Å–æ—Å—Ç–æ—è–Ω–∏–∏. –î–æ–ª–≥–æ–µ –≤—Ä–µ–º—è —Å–¥–∞–≤–∞–ª–∞—Å—å —Å–µ–º–µ–π–Ω–æ–π –ø–∞—Ä–µ. –î–µ–ø–æ–∑–∏—Ç 200 —Ç—ã—Å—è—á. –†–∏–µ–ª—Ç–æ—Ä–æ–≤ –ø—Ä–æ—à—É –Ω–µ –±–µ—Å–ø–æ–∫–æ–∏—Ç—å",
https://krisha-photos.kcdn.online/webp/99/99813522-56e4-465c-aa32-a07c06e7e8f2/30-400x300.jpg,2-–∫–æ–º–Ω–∞—Ç–Ω–∞—è –∫–≤–∞—Ä—Ç–∏—Ä–∞ ¬∑ 64 –º¬≤ ¬∑ 10/19 —ç—Ç–∞–∂ ¬∑ –ø–æ–º–µ—Å—è—á–Ω–æ,850 000 „Äí,"–ë–æ—Å—Ç–∞–Ω–¥—ã–∫—Å–∫–∏–π —Ä-–Ω, –ê–ª—å-–§–∞—Ä–∞–±–∏ 41","–∂–∏–ª. –∫–æ–º–ø–ª–µ–∫—Å Metropole, –º–µ–±–ª–∏—Ä–æ–≤–∞–Ω–∞ –ø–æ–ª–Ω–æ—Å—Ç—å—é, –°–¥–∞–µ—Ç—Å—è –∫–≤–∞—Ä—Ç–∏—Ä–∞ –Ω–∞ –¥–ª–∏—Ç–µ–ª—å–Ω—ã–π —Å—Ä–æ–∫ –≤ —Ö–æ—Ä–æ—à–∏–µ —Ä—É–∫–∏. –°–¥–µ–ª–∞–Ω –¥–∏–∑–∞–π–Ω–µ—Ä—Å–∫–∏–π —Å–≤–µ–∂–∏–π —Ä–µ–º–æ–Ω—Ç. –ü–æ–ª–Ω–æ—Å—Ç—å—é –æ—Å–Ω–∞—â–µ–Ω–∞ –≤—Å–µ–π –Ω–µ–æ–±—Ö–æ–¥–∏–º–æ–π –¥–æ—Ä–æ–≥–æ–π –Ω–æ–≤–æ–π —Ç–µ—Ö–Ω–∏–∫–æ–π",
https://krisha-photos.kcdn.online/webp/59/59bcee0e-8ced-47f1-a201-83017cdbe6fe/1-400x300.jpg,2-–∫–æ–º–Ω–∞—Ç–Ω–∞—è –∫–≤–∞—Ä—Ç–∏—Ä–∞ ¬∑ 46 –º¬≤ ¬∑ 1/4 —ç—Ç–∞–∂ ¬∑ –ø–æ–º–µ—Å—è—á–Ω–æ,270 000 „Äí,"–ê—É—ç–∑–æ–≤—Å–∫–∏–π —Ä-–Ω, –º–∫—Ä ‚Ññ1 5 ‚Äî –ñ—É–±–∞–Ω–æ–≤–∞ –°–∞–∏–Ω–∞","–º–µ–±–ª–∏—Ä–æ–≤–∞–Ω–∞ –ø–æ–ª–Ω–æ—Å—Ç—å—é, –°–¥–∞—ë—Ç—Å—è 2—Ö –∫–æ–º–Ω–∞—Ç–Ω–∞—è –∫–≤–∞—Ä—Ç–∏—Ä–∞, –ø–æ–ª–Ω–æ—Å—Ç—å—é –º–µ–±–µ–ª–∏—Ä–æ–≤–∞–Ω–Ω–∞—è, —Å–æ –≤—Å–µ–º–∏ —É–¥–æ–±—Å—Ç–≤–∞–º–∏, —á–∏—Å—Ç–∞—è, –∞–∫–∫—É—Ä–∞—Ç–Ω–∞—è. –ù–µ –±–æ–ª–µ–µ 3—Ö —á–µ–ª–æ–≤–µ–∫. –†—è–¥–æ–º –Ω–∞—Ö–æ–¥–∏—Ç—Å—è –≤—Å—è –Ω–µ–æ–±—Ö–æ–¥–∏–º–∞—è –∏–Ω—Ñ—Ä–∞—Å—Ç—Ä—É–∫—Ç—É—Ä–∞-—Ä—ã–Ω–æ–∫, –ì—Ä—ç–Ω–¥ –ø–∞—Ä–∫, –ø–æ–ª–∏–∫–ª–∏–Ω–∏–∫–∞, —à–∫–æ–ª—ã, —Å–∞–¥–∏–∫–∏, –æ—Å—Ç–∞–Ω–æ–≤–∫–∏ –≤–æ –≤—Å–µ –Ω–∞–ø—Ä–∞–≤–ª–µ–Ω–∏—è. –°–µ–º–µ–π–Ω—ã–º, —á–∏—Å—Ç–æ–ø–ª–æ—Ç–Ω—ã–º, –±–µ‚Ä¶",
https://krisha-photos.kcdn.online/webp/bb/bba7db24-80cc-46ff-a792-446ba5027824/1-400x300.jpg,2-–∫–æ–º–Ω–∞—Ç–Ω–∞—è –∫–≤–∞—Ä—Ç–∏—Ä–∞ ¬∑ 65 –º¬≤ ¬∑ 14/20 —ç—Ç–∞–∂ ¬∑ –ø–æ–º–µ—Å—è—á–Ω–æ,470 000 „Äí,"–ë–æ—Å—Ç–∞–Ω–¥—ã–∫—Å–∫–∏–π —Ä-–Ω, –ì–∞–≥–∞—Ä–∏–Ω–∞ 310","–∂–∏–ª. –∫–æ–º–ø–ª–µ–∫—Å –ö–æ–º—Ñ–æ—Ä—Ç –°–∏—Ç–∏, –º–µ–±–ª–∏—Ä–æ–≤–∞–Ω–∞ –ø–æ–ª–Ω–æ—Å—Ç—å—é",
https://krisha-photos.kcdn.online/webp/05/05c43756-59db-41b4-95c8-22c3052989a2/1-400x300.jpg,2-–∫–æ–º–Ω–∞—Ç–Ω–∞—è –∫–≤–∞—Ä—Ç–∏—Ä–∞ ¬∑ 53 –º¬≤ ¬∑ 10/18 —ç—Ç–∞–∂ ¬∑ –ø–æ–º–µ—Å—è—á–Ω–æ,380 000 „Äí,"–ë–æ—Å—Ç–∞–Ω–¥—ã–∫—Å–∫–∏–π —Ä-–Ω, –ñ–∞–Ω–¥–æ—Å–æ–≤–∞","–∂–∏–ª. –∫–æ–º–ø–ª–µ–∫—Å RAMS CITY, –º–µ–±–ª–∏—Ä–æ–≤–∞–Ω–∞ –ø–æ–ª–Ω–æ—Å—Ç—å—é, üî•–ù–æ–≤—ã–π, –ø–æ—Å–ª–µ —Ä–µ–º–æ–Ω—Ç–∞",
https://krisha-photos.kcdn.online/webp/b9/b9e6a25b-91ee-4e2c-a705-0c16599da695/1-400x300.jpg,1-–∫–æ–º–Ω–∞—Ç–Ω–∞—è –∫–≤–∞—Ä—Ç–∏—Ä–∞ ¬∑ 44 –º¬≤ ¬∑ 8/10 —ç—Ç–∞–∂ ¬∑ –ø–æ–º–µ—Å—è—á–Ω–æ,220 000 „Äí,"–ù–∞—É—Ä—ã–∑–±–∞–π—Å–∫–∏–π —Ä-–Ω, –ö–µ–Ω–µ—Å–∞—Ä—ã —Ö–∞–Ω–∞ 54","–∂–∏–ª. –∫–æ–º–ø–ª–µ–∫—Å –•–∞–Ω –¢–µ–Ω–≥—Ä–∏, –º–µ–±–ª–∏—Ä–æ–≤–∞–Ω–∞ –ø–æ–ª–Ω–æ—Å—Ç—å—é, –°–≤–µ–∂–∏–π —Ä–µ–º–æ–Ω—Ç –Ω–æ–≤–∞—è —Ç–µ—Ö–Ω–∏–∫–∞, —ç–∫–æ–ª–æ–≥–∏—á–µ—Å–∫–∏–π —á–∏—Å—Ç—ã–π —Ä–∞–π–æ–Ω, –≤ 10 –º–∏–Ω—É—Ç –µ–∑–¥—ã –æ—Ç –ø–∞—Ä–∫–∞ –ø–µ—Ä–≤–æ–≥–æ –ø—Ä–µ–∑–∏–¥–µ–Ω—Ç–∞ –∏ –º–µ–≥–∞ —Ü–µ–Ω—Ç—Ä–∞!",
https://krisha-photos.kcdn.online/webp/d7/d7ab5fce-f8a5-4e63-a537-c00456698aa7/4-400x300.jpg,1-–∫–æ–º–Ω–∞—Ç–Ω–∞—è –∫–≤–∞—Ä—Ç–∏—Ä–∞ ¬∑ 36 –º¬≤ ¬∑ 10/13 —ç—Ç–∞–∂ ¬∑ –ø–æ–º–µ—Å—è—á–Ω–æ,260 000 „Äí,"–ê–ª–º–∞–ª–∏–Ω—Å–∫–∏–π —Ä-–Ω, –®–µ–≤—á–µ–Ω–∫–æ 109","–∂–∏–ª. –∫–æ–º–ø–ª–µ–∫—Å Palladium, –º–µ–±–ª–∏—Ä–æ–≤–∞–Ω–∞ –ø–æ–ª–Ω–æ—Å—Ç—å—é",
https://krisha-photos.kcdn.online/webp/c6/c692d7ff-b72a-487f-9e2d-619ee313982b/1-400x300.jpg,2-–∫–æ–º–Ω–∞—Ç–Ω–∞—è –∫–≤–∞—Ä—Ç–∏—Ä–∞ ¬∑ 45 –º¬≤ ¬∑ 5/5 —ç—Ç–∞–∂ ¬∑ –ø–æ–º–µ—Å—è—á–Ω–æ,210 000 „Äí,"–ê—É—ç–∑–æ–≤—Å–∫–∏–π —Ä-–Ω, –º–∫—Ä –ê–∫—Å–∞–π-1 21 ‚Äî –¢–æ–ª–µ –±–∏ –°–∞–∏–Ω–∞","–º–µ–±–ª–∏—Ä–æ–≤–∞–Ω–∞ –ø–æ–ª–Ω–æ—Å—Ç—å—é, –£–¥–æ–±–Ω–æ–µ —Ä–∞—Å–ø–æ–ª–æ–∂–µ–Ω–∏–µ. –û–±—â–µ—Å—Ç–≤–µ–Ω–Ω—ã–π —Ç—Ä–∞–Ω—Å–ø–æ—Ä—Ç –≤ –ª—é–±—É—é —Å—Ç–æ—Ä–æ–Ω—É. –î–æ–º —Å–µ–π—Å–º–æ—É—Å—Ç–æ–π—á–∏–≤—ã–π. –¥–µ–ø–æ–∑–∏—Ç 50000",
https://krisha-photos.kcdn.online/webp/6a/6ae66b79-d558-41b9-922b-aa16b20a3196/10-400x300.jpg,2-–∫–æ–º–Ω–∞—Ç–Ω–∞—è –∫–≤–∞—Ä—Ç–∏—Ä–∞ ¬∑ 65 –º¬≤ ¬∑ 4/5 —ç—Ç–∞–∂ ¬∑ –ø–æ–º–µ—Å—è—á–Ω–æ,200 000 „Äí,"–¢—É—Ä–∫—Å–∏–±—Å–∫–∏–π —Ä-–Ω, –ß–µ—Ä–Ω—ã—à–µ–≤—Å–∫–æ–≥–æ 25/3 13 ‚Äî –°–µ–π—Ñ—É–ª–ª–∏–Ω–∞","–º–µ–±–ª–∏—Ä–æ–≤–∞–Ω–∞ –ø–æ–ª–Ω–æ—Å—Ç—å—é, –°–¥–∞–µ—Ç—Å—è –ø–æ–ª–Ω–æ—Ü–µ–Ω–Ω–∞—è –¥–≤—É—Ö (2) –∫–æ–º–Ω–∞—Ç–Ω–∞—è –∫–≤–∞—Ä—Ç–∏—Ä–∞ –¥–æ–ª–≥–∏–π —Å—Ä–æ–∫. –í –∫–≤–∞—Ä—Ç–∏—Ä–µ –∏–º–º–µ—Ç—Å—è –≤—Å—ë –¥–ª—è –ø—Ä–æ–∂–∏–≤–∞–Ω–∏–µ. 1. –°–ø–∞–ª—å–Ω–∞—è –∫–æ–º–Ω–∞—Ç–∞: –¥–∏–≤–∞–Ω —Ä–∞—Å–∫–ª–∞–¥—É—à–∫–∞ —Ä–∞–∑–º–µ—Ä–æ–º –¥–≤—É—Ö—Å–ø–∞–ª—å–Ω–æ–π –∫—Ä–æ–≤–∞—Ç–∏, —à–∏—Ñ–æ–Ω–µ—Ä, –∫–ª–µ–º, —à—Ç–æ—Ä—ã, —Å—Ç–æ–ª –¥–ª—è –∫–æ–º–ø—å—é—Ç–µ—Ä–∞, –º–∞—Ç—Ä–∞—Ü—ã –∏ –∫–æ—Ä–ø–µ—à–∫–∏. 2. –î–µ—Ç—Å–∫–∞—è –∫–æ–º–Ω–∞—Ç–∞: –¥–≤–µ –∫—Ä–æ–≤–∞—Ç–∏ –¥–ª—è –¥–µ‚Ä¶",
https://krisha-photos.kcdn.online/webp/e1/e1b6b215-93cd-4e18-b546-6bb6346b1139/6-400x300.jpg,1-–∫–æ–º–Ω–∞—Ç–Ω–∞—è –∫–≤–∞—Ä—Ç–∏—Ä–∞ ¬∑ 35 –º¬≤ ¬∑ 1/5 —ç—Ç–∞–∂ ¬∑ –ø–æ–º–µ—Å—è—á–Ω–æ,165 000 „Äí,"–ê–ª–º–∞–ª–∏–Ω—Å–∫–∏–π —Ä-–Ω, –ê–±–∞—è 163 ‚Äî –£–≥–æ–ª –†–æ–∑—ã–±–∞–∫–∏–µ–≤–∞","–º–µ–±–ª–∏—Ä–æ–≤–∞–Ω–∞ –ø–æ–ª–Ω–æ—Å—Ç—å—é, –°–¥–∞–º 1-–∫–æ–º–Ω–∞—Ç–Ω—É—é –∫–≤–∞—Ä—Ç–∏—Ä—É üìç –†–∞–π–æ–Ω: –ê–±–∞—è ‚Äì –†–æ–∑—ã–±–∞–∫–∏–µ–≤–∞ üè† –≠—Ç–∞–∂: —Ü–æ–∫–æ–ª—å–Ω—ã–π üí∞ –¶–µ–Ω–∞: 165 000 —Ç–≥/–º–µ—Å üîπ –î–µ–ø–æ–∑–∏—Ç: 70 000 —Ç–≥ (–≤–æ–∑–≤—Ä–∞—Ç–Ω—ã–π) üîπ –†–∞–∑–≤–∏—Ç–∞—è –∏–Ω—Ñ—Ä–∞—Å—Ç—Ä—É–∫—Ç—É—Ä–∞: —Ä—è–¥–æ–º —à–∫–æ–ª—ã, —Å–∞–¥–∏–∫–∏, –º–∞–≥–∞–∑–∏–Ω—ã, –±–∞–∑–∞—Ä, –æ–ø—Ç–æ–≤–∫–∞. –í—Å–µ –≤–æ–ø—Ä–æ—Å—ã –ø–æ —Ç–µ–ª–µ—Ñ–æ–Ω—É/What–∞–ø",
https://krisha-photos.kcdn.online/webp/8b/8b2d7f79-20d9-4b94-bb40-1afd96d03694/1-400x300.jpg,2-–∫–æ–º–Ω–∞—Ç–Ω–∞—è –∫–≤–∞—Ä—Ç–∏—Ä–∞ ¬∑ 45 –º¬≤ ¬∑ 2/5 —ç—Ç–∞–∂ ¬∑ –ø–æ–º–µ—Å—è—á–Ω–æ,250 000 „Äí,"–ë–æ—Å—Ç–∞–Ω–¥—ã–∫—Å–∫–∏–π —Ä-–Ω, –º–∫—Ä –û—Ä–±–∏—Ç–∞-1 4 ‚Äî –¢–æ—Ä–∞–π–≥—ã—Ä–æ–≤–∞ –ù–∞–≤–æ–∏","–º–µ–±–ª–∏—Ä–æ–≤–∞–Ω–∞ –ø–æ–ª–Ω–æ—Å—Ç—å—é, –ö–≤–∞—Ä—Ç–∏—Ä–∞ –≤ —Ö–æ—Ä–æ—à–µ–º —Å–æ—Å—Ç–æ—è–Ω–∏–∏. –†–∞—Å–ø–æ–ª–æ–∂–µ–Ω–∞ –≤–æ –¥–≤–æ—Ä–∞—Ö. –ü–æ–ª–Ω–æ—Å—Ç—å—é –º–µ–±–ª–∏—Ä–æ–≤–∞–Ω–∞ –∏ –≤—Å—è —Ç–µ—Ö–Ω–∏–∫–∞. –†—è–¥–æ–º –ú–µ–≥–∞ —Ü–µ–Ω—Ç—Ä, –¥–µ—Ç—Å–∞–¥—ã, —à–∫–æ–ª–∞ –∏ –º–Ω –¥–æ. –ò–Ω—Ñ—Ä–∞—Å—Ç—Ä—É–∫—Ç—É—Ä–∞ –æ—Ç–ª–∏—á–Ω–∞—è",
https://krisha-photos.kcdn.online/webp/ac/ac497c4c-ffcd-4aea-97c5-1c75f514c092/1-400x300.jpg,1-–∫–æ–º–Ω–∞—Ç–Ω–∞—è –∫–≤–∞—Ä—Ç–∏—Ä–∞ ¬∑ 42 –º¬≤ ¬∑ 4/10 —ç—Ç–∞–∂ ¬∑ –ø–æ–º–µ—Å—è—á–Ω–æ,180 000 „Äí,"–ê—É—ç–∑–æ–≤—Å–∫–∏–π —Ä-–Ω, –º–∫—Ä –ê–∫—Å–∞–π-1 ‚Äî –¢–æ–ª–µ –±–∏ - –°–∞–∏–Ω–∞","–º–µ–±–ª–∏—Ä–æ–≤–∞–Ω–∞ –ø–æ–ª–Ω–æ—Å—Ç—å—é, –ö–≤–∞—Ä—Ç–∏—Ä–∞ —Å–¥–∞—ë—Ç—Å—è —Å 16 –∞–ø—Ä–µ–ª—è, –Ω–∞ –¥–ª–∏—Ç–µ–ª—å–Ω—ã–π —Å—Ä–æ–∫, —Å–µ–º–µ–π–Ω–æ–π –ø–∞—Ä–µ –±–µ–∑ –¥–µ—Ç–µ–π –∏–ª–∏ –¥–≤—É–º –¥–µ–≤—É—à–∫–∞–º –∏–ª–∏ –¥–≤—É–º –ø–∞—Ä–Ω—è–º, –≤ –∫–≤–∞—Ä—Ç–∏—Ä–µ —Å–¥–µ–ª–∞–Ω –µ–≤—Ä–æ—Ä–µ–º–æ–Ω—Ç, –Ω–æ–≤–∞—è –∫—Ä–æ–≤–∞—Ç—å, —à–∫–∞—Ñ, –∫–æ–º–æ–¥, –º–∏–∫—Ä–æ–≤–æ–ª–Ω–æ–≤–∫–∞. –î–µ–ø–æ–∑–∏—Ç 80 —Ç—ã—Å—è—á —Ç–µ–Ω–≥–µ. –° –¥–µ—Ç—å–º–∏ –∏ —Å –∂–∏–≤–æ—Ç–Ω—ã–º–∏ –ø—Ä–æ—à—É –Ω–µ –±–µ—Å–ø–æ–∫–æ–∏—Ç—å. –¶–µ–Ω–∞ 180 —Ç—ã—Å. + –∫–≤–∞—Ä—Ç–ø–ª–∞—Ç‚Ä¶",
https://krisha-photos.kcdn.online/webp/89/89ba6207-63ce-4b65-a012-0d106bf6ec58/1-400x300.jpg,2-–∫–æ–º–Ω–∞—Ç–Ω–∞—è –∫–≤–∞—Ä—Ç–∏—Ä–∞ ¬∑ 86 –º¬≤ ¬∑ 8/16 —ç—Ç–∞–∂ ¬∑ –ø–æ–º–µ—Å—è—á–Ω–æ,350 000 „Äí,"–ê–ª–º–∞–ª–∏–Ω—Å–∫–∏–π —Ä-–Ω, –ú–∞—Å–∞–Ω—á–∏ ‚Äî –ì–æ–≥–æ–ª—è-–ú–∞—Å–∞–Ω—á–∏","–∂–∏–ª. –∫–æ–º–ø–ª–µ–∫—Å –ï–≤—Ä–∞–∑–∏—è, –º–µ–±–ª–∏—Ä–æ–≤–∞–Ω–∞ –ø–æ–ª–Ω–æ—Å—Ç—å—é, –°–¥–∞—ë—Ç—Å—è –ø—Ä–µ–∫—Ä–∞—Å–Ω–∞—è, —Å–≤–µ—Ç–ª–∞—è –∫–≤–∞—Ä—Ç–∏—Ä–∞ —Å–æ —Å–≤–µ–∂–∏–º —Ä–µ–º–æ–Ω—Ç–æ–º. –ö–≤–∞—Ä—Ç–∏—Ä–∞ –Ω–∞—Ö–æ–¥–∏—Ç—Å—è –≤ –ñ–ö –µ–≤—Ä–∞–∑–∏—è, –Ω–∞ –ø–µ—Ä–µ—Å–µ—á–µ–Ω–∏–∏ —É–ª–∏—Ü –ì–æ–≥–æ–ª—è-–ú–∞—Å–∞–Ω—á–∏. –í —à–∞–≥–æ–≤–æ–π –¥–æ—Å—Ç—É–ø–Ω–æ—Å—Ç–∏ –¢–†–¶ MEGA Park, —Å—É–ø–µ—Ä–º–∞—Ä–∫–µ—Ç –ú–∞–≥–Ω—É–º, —Å–∞–¥–∏–∫, —à–∫–æ–ª–∞, –∫–∞—Ñ–µ, —Ä–µ—Å—Ç–æ—Ä–∞–Ω—ã. –ó–∞–∫—Ä—ã—Ç—ã–π –¥–≤–æ—Ä —Å –¥–µ—Ç—Å–∫–æ–π –ø–ª–æ—â–∞–¥–∫–æ‚Ä¶",
https://krisha-photos.kcdn.online/webp/97/973c8caa-c8ff-4200-a5fc-5e418b4ab7f6/1-400x300.jpg,2-–∫–æ–º–Ω–∞—Ç–Ω–∞—è –∫–≤–∞—Ä—Ç–∏—Ä–∞ ¬∑ 67 –º¬≤ ¬∑ 12 —ç—Ç–∞–∂ ¬∑ –ø–æ–º–µ—Å—è—á–Ω–æ,320 000 „Äí,"–ê–ª–º–∞–ª–∏–Ω—Å–∫–∏–π —Ä-–Ω, –¢–æ–ª–µ –±–∏","–∂–∏–ª. –∫–æ–º–ø–ª–µ–∫—Å –ö–∞—É—Å–∞—Ä, –º–µ–±–ª–∏—Ä–æ–≤–∞–Ω–∞ –ø–æ–ª–Ω–æ—Å—Ç—å—é, –ß–∏—Å—Ç–∞—è, —É—é—Ç–Ω–∞—è, –ø—Ä–æ—Å—Ç–æ—Ä–Ω–∞—è –∫–≤–∞—Ä—Ç–∏—Ä–∞. –ò–º–µ–µ—Ç—Å—è –≤—Å—è –±—ã—Ç–æ–≤–∞—è —Ç–µ—Ö–Ω–∏–∫–∞, —Ç–µ–ª–µ–≤–∏–∑–æ—Ä, —Å—Ç–∏—Ä–∞–ª—å–Ω–∞—è –º–∞—à–∏–Ω–∫–∞, —Ö–æ–ª–æ–¥–∏–ª—å–Ω–∏–∫, –º–æ—Ä–æ–∑–∏–ª—å–Ω–∞—è –∫–∞–º–µ—Ä–∞, –º–∏–∫—Ä–æ–≤–æ–ª–Ω–æ–≤–∞—è –ø–µ—á—å, –∏–Ω—Ç–µ—Ä–Ω–µ—Ç. –í–æ –¥–≤–æ—Ä–µ –º–∞–≥–∞–∑–∏–Ω—ã, —Å–∞–ª–æ–Ω –∫—Ä–∞—Å–æ—Ç—ã, —Ä—è–¥–æ–º –æ—Å—Ç–∞–Ω–æ–≤–∫–∞, —É–¥–æ–±–Ω–∞—è —Ä–∞–∑–≤—è–∑–∫–∞. –°–¥–∞–¥–∏–º —á–∏—Å—Ç–æ–ø–ª–æ—Ç–Ω—ã–º‚Ä¶",
https://krisha-photos.kcdn.online/webp/c2/c2a97509-3e12-4a76-bc70-345eecf1f303/3-400x300.jpg,1-–∫–æ–º–Ω–∞—Ç–Ω–∞—è –∫–≤–∞—Ä—Ç–∏—Ä–∞ ¬∑ 40 –º¬≤ ¬∑ –ø–æ–º–µ—Å—è—á–Ω–æ,280 000 „Äí,"–¢—É—Ä–∫—Å–∏–±—Å–∫–∏–π —Ä-–Ω, –º–∫—Ä –ñ–∞—Å –ö–∞–Ω–∞—Ç, –ú–∫—Ä –ñ–∞—Å –ö–∞–Ω–∞—Ç –§–µ–¥–æ—Å–µ–µ–≤–∞","–∂–∏–ª. –∫–æ–º–ø–ª–µ–∫—Å Suly‚Äô Tan, –º–µ–±–ª–∏—Ä–æ–≤–∞–Ω–∞ –ø–æ–ª–Ω–æ—Å—Ç—å—é",
https://krisha-photos.kcdn.online/webp/d3/d34ed49e-fb1f-481b-80fb-3cc6ccb4e35a/1-400x300.jpg,3-–∫–æ–º–Ω–∞—Ç–Ω–∞—è –∫–≤–∞—Ä—Ç–∏—Ä–∞ ¬∑ 68.8 –º¬≤ ¬∑ 2/5 —ç—Ç–∞–∂ ¬∑ –ø–æ–º–µ—Å—è—á–Ω–æ,320 000 „Äí,"–¢—É—Ä–∫—Å–∏–±—Å–∫–∏–π —Ä-–Ω, –º–∫—Ä –ñ—É–ª–¥—ã–∑-2 27–∞","–º–µ–±–ª–∏—Ä–æ–≤–∞–Ω–∞ –ø–æ–ª–Ω–æ—Å—Ç—å—é, –°–¥–∞–µ—Ç—Å—è 3-—Ö –∫–æ–º–Ω–∞—Ç–Ω–∞—è –∫–≤–∞—Ä—Ç–∏—Ä–∞ –≤ —Ç–∏—Ö–æ–º, –±–ª–∞–≥–æ—É—Å—Ç—Ä–æ–µ–Ω–Ω–æ–º —Ä–∞–π–æ–Ω–µ, —à–∫–æ–ª–∞, –§–û–ö (–±–∞—Å—Å–µ–π–Ω, –µ–¥–∏–Ω–æ–±–æ—Ä—Å—Ç–≤–∞), –∞–ª–ª–µ—è, —Å—É–ø–µ—Ä–º–∞–†–ö–µ—Ç –≤–æ–∑–ª–µ –¥–æ–º–∞, –ø–µ—Ä–µ–¥ –¥–≤–æ—Ä–æ–º –µ—Å—Ç—å –ø–∞–†–ö–æ–≤–æ—á–Ω—ã–µ –º–µ—Å—Ç–∞. –ö–≤–∞—Ä—Ç–∏—Ä–∞ –æ–±–æ—Ä—É–¥–æ–≤–∞–Ω–∞ –¥–ª—è –∫–æ–º—Ñ–æ—Ä—Ç–Ω–æ–≥–æ –ø—Ä–æ–∂–∏–≤–∞–Ω–∏—è, —Å–≤–µ–∂–∏–π —Ä–µ–º–æ–Ω—Ç, –ø—Ä–æ–¥—É–º–∞–Ω–Ω—ã–µ –º–µ—Å—Ç–∞ –¥–ª—è —Ö—Ä–∞–Ω–µ–Ω–∏—è –≤–µ—â–µ–π –∏ –æ–¥‚Ä¶",
https://krisha-photos.kcdn.online/webp/83/83f2a1ff-a4bd-42ad-9300-df85175d561b/7-400x300.jpg,1-–∫–æ–º–Ω–∞—Ç–Ω–∞—è –∫–≤–∞—Ä—Ç–∏—Ä–∞ ¬∑ 31 –º¬≤ ¬∑ 3/9 —ç—Ç–∞–∂ ¬∑ –ø–æ–º–µ—Å—è—á–Ω–æ,220 000 „Äí,"–ê—É—ç–∑–æ–≤—Å–∫–∏–π —Ä-–Ω, –º–∫—Ä –ê–∫—Å–∞–π-1–ê 7 ‚Äî –¢–æ–ª–µ –±–∏ —É–≥. –ú–æ–º—ã—à—É–ª—ã","–º–µ–±–ª–∏—Ä–æ–≤–∞–Ω–∞ –ø–æ–ª–Ω–æ—Å—Ç—å—é, 1) –°–≤–µ–∂–∏–π —Ä–µ–º–æ–Ω—Ç, –Ω–∏–∫—Ç–æ –Ω–µ –∂–∏–ª. 2) –°–¥–∞–µ—Ç—Å—è —á–∏—Å—Ç–æ–ø–ª–æ—Ç–Ω—ã–º, –Ω–µ –∫—É—Ä—è—â–∏–º, –±–µ–∑ –≤—Ä–µ–¥–Ω—ã—Ö –ø—Ä–∏–≤—ã—á–µ–∫, –±–µ–∑ –∂–∏–≤–æ—Ç–Ω—ã—Ö. 3) –°–µ–º–µ–π–Ω—ã–º –ª—é–¥—è–º –∏–ª–∏ 1 —á–µ–ª–æ–≤–µ–∫—É. 4) –ü–æ–¥–ø–∏—Å—ã–≤–∞–µ—Ç—Å—è –¥–æ–≥–æ–≤–æ—Ä. 5) –î–µ–ø–æ–∑–∏—Ç 100000—Ç–≥. 6) –ê—Ä–µ–Ω–¥–∞ + –∫–æ–º–º—É–Ω–∞–ª—å–Ω—ã–µ –ø–ª–∞—Ç–µ–∂–∏",
https://krisha-photos.kcdn.online/webp/3b/3b7ecd2b-e1a6-44c3-8c3a-783f498a7bb9/12-400x300.jpg,2-–∫–æ–º–Ω–∞—Ç–Ω–∞—è –∫–≤–∞—Ä—Ç–∏—Ä–∞ ¬∑ 54 –º¬≤ ¬∑ 5/16 —ç—Ç–∞–∂ ¬∑ –ø–æ–º–µ—Å—è—á–Ω–æ,350 000 „Äí,"–ê–ª–º–∞–ª–∏–Ω—Å–∫–∏–π —Ä-–Ω, –ê—É—ç–∑–æ–≤–∞ 3–∞ ‚Äî –¢–æ–ª–µ–±–∏ –ê—É—ç–∑–æ–≤–∞","–∂–∏–ª. –∫–æ–º–ø–ª–µ–∫—Å ASSEM PLAZA, –º–µ–±–ª–∏—Ä–æ–≤–∞–Ω–∞ –ø–æ–ª–Ω–æ—Å—Ç—å—é, 2 –∏–∑–æ–ª–∏—Ä–æ–≤–∞–Ω–Ω—ã—Ö –∫–æ–º–Ω–∞—Ç –∫—É—Ö–Ω—è –æ—Ç–¥–µ–ª—å–Ω–æ, —É—é—Ç–Ω–∞—è —Å–≤–µ—Ç–ª–∞—è –∫–≤–∞—Ä—Ç–∏—Ä–∞, –ø–æ–ª–Ω–æ—Å—Ç—å—é –º–µ–±–ª–∏—Ä–æ–≤–∞–Ω–Ω–∞—è, –º–µ–±–µ–ª—å —Ç–µ—Ö–Ω–∏–∫–∞ –≤—Å—è –Ω–æ–≤–∞—è, –æ—á–µ–Ω—å —Ö–æ—Ä–æ—à–∞—è –ª–æ–∫–∞—Ü–∏—è",
https://krisha-photos.kcdn.online/webp/15/15bfa0c8-202a-4ec4-9cb7-be996bb30d52/1-400x300.jpg,3-–∫–æ–º–Ω–∞—Ç–Ω–∞—è –∫–≤–∞—Ä—Ç–∏—Ä–∞ ¬∑ 82 –º¬≤ ¬∑ 9/9 —ç—Ç–∞–∂ ¬∑ –ø–æ–º–µ—Å—è—á–Ω–æ,250 000 „Äí,"–¢—É—Ä–∫—Å–∏–±—Å–∫–∏–π —Ä-–Ω, –º–∫—Ä –ñ–∞—Å –ö–∞–Ω–∞—Ç 336","–º–µ–±–ª–∏—Ä–æ–≤–∞–Ω–∞ —á–∞—Å—Ç–∏—á–Ω–æ, –ö–≤–∞—Ä—Ç–∏—Ä–∞ —á–∏—Å—Ç–∞—è, –≥–∞–∑ –∏–º–µ–µ—Ç—Å—è. –û–ø–ª–∞—Ç–∞ 250000—Ç+–∫–æ–º. —É—Å–ª—É–≥–∏. –°–µ–º–µ–π–Ω–æ–π –ø–∞—Ä–µ, –ø–æ—Ä—è–¥–æ—á–Ω—ã–º –ª—é–¥—è–º. –ù–∞ –¥–æ–ª–≥–∏–π —Å—Ä–æ–∫. –†—è–¥–æ–º —à–∫–æ–ª–∞ –≥–∏–º–Ω–∞–∑–∏—è #211, –º–∞–≥–∞–∑–∏–Ω—ã, –ù—É—Ä–ª–∞–Ω –±–∞–Ω—è. –û–ø–ª–∞—Ç–∞ –º–µ—Å—è—Ü –≤–ø–µ—Ä–µ–¥. –î–µ–ø–æ–∑–∏—Ç –µ—Å—Ç—å 30 –∫",
https://krisha-photos.kcdn.online/webp/fa/fabdea2c-66ba-4ca5-867a-97dad5bbd4c6/1-400x300.jpg,2-–∫–æ–º–Ω–∞—Ç–Ω–∞—è –∫–≤–∞—Ä—Ç–∏—Ä–∞ ¬∑ 91 –º¬≤ ¬∑ 7/10 —ç—Ç–∞–∂ ¬∑ –ø–æ–º–µ—Å—è—á–Ω–æ,300 000 „Äí,"–ê–ª–∞—Ç–∞—É—Å–∫–∏–π —Ä-–Ω, –†–∞–π—ã–º–±–µ–∫–∞ 481 –í ‚Äî –ê–∑–∏—è –ü–∞—Ä–∫–∞","–º–µ–±–ª–∏—Ä–æ–≤–∞–Ω–∞ –ø–æ–ª–Ω–æ—Å—Ç—å—é, –ö–≤–∞—Ä—Ç–∏—Ä–∞ —É—é—Ç–Ω–∞—è, —á–∏—Å—Ç–∞—è, —Å–≤–µ—Ç–ª–∞—è. –†—è–¥–æ–º –ê–∑–∏—è –ü–∞—Ä–∫, –º–∞–≥–∞–∑–∏–Ω, –∞–ø—Ç–µ–∫–∞, –¥–µ—Ç—Å–∫–∞—è –ø–ª–æ—â–∞–¥–∫–∞, —à–∫–æ–ª–∞, –¥–µ—Ç—Å–∫–∏–π —Å–∞–¥",
https://krisha-photos.kcdn.online/webp/1c/1c05c3dc-d7e4-4698-ba7d-2882efbc4947/1-400x300.jpg,2-–∫–æ–º–Ω–∞—Ç–Ω–∞—è –∫–≤–∞—Ä—Ç–∏—Ä–∞ ¬∑ 46 –º¬≤ ¬∑ 5/20 —ç—Ç–∞–∂ ¬∑ –ø–æ–º–µ—Å—è—á–Ω–æ,400 000 „Äí,"–ë–æ—Å—Ç–∞–Ω–¥—ã–∫—Å–∫–∏–π —Ä-–Ω, –ì–∞–≥–∞—Ä–∏–Ω–∞ 310",–∂–∏–ª. –∫–æ–º–ø–ª–µ–∫—Å –ö–æ–º—Ñ–æ—Ä—Ç –°–∏—Ç–∏,
https://krisha-photos.kcdn.online/webp/1d/1d3ed7d6-e5d0-474e-9eda-068b9d265c8d/1-400x300.jpg,1-–∫–æ–º–Ω–∞—Ç–Ω–∞—è –∫–≤–∞—Ä—Ç–∏—Ä–∞ ¬∑ 49 –º¬≤ ¬∑ 10/10 —ç—Ç–∞–∂ ¬∑ –ø–æ–º–µ—Å—è—á–Ω–æ,180 000 „Äí,"–ù–∞—É—Ä—ã–∑–±–∞–π—Å–∫–∏–π —Ä-–Ω, –º–∫—Ä –®—É–≥—ã–ª–∞, –ê–ª–º–∞-—Å–∏—Ç–∏ 5 7 ‚Äî –£–ª.–ê–ª—Ç—ã–Ω –û—Ä–¥–∞","–∂–∏–ª. –∫–æ–º–ø–ª–µ–∫—Å Alma City, –∂–∏–ª. –ø–ª–æ—â–∞–¥—å 29 –º¬≤, –∫—É—Ö–Ω—è 12 –º¬≤, –º–µ–±–ª–∏—Ä–æ–≤–∞–Ω–∞ –ø–æ–ª–Ω–æ—Å—Ç—å—é, –ê–ª–º–∞-—Å–∏—Ç–∏ 5 –≤—Å–µ —Ä—è–¥–æ–º: —à–∫–æ–ª–∞ –¥–µ—Ç—Å–∫–∏–π —Å–∞–¥. —Ä—ã–Ω–æ–∫ –ê–ª—Ç—ã–Ω-–û—Ä–¥–∞ –±—É–¥–µ—Ç –º–µ—Ç—Ä–æ –ø—Ä–æ–±—å—é—Ç —É–ª –¢–æ–ª–µ-–±–∏",
https://krisha-photos.kcdn.online/webp/1b/1b1df798-f940-4da6-a830-5bd006f1cab8/1-400x300.jpg,2-–∫–æ–º–Ω–∞—Ç–Ω–∞—è –∫–≤–∞—Ä—Ç–∏—Ä–∞ ¬∑ 70 –º¬≤ ¬∑ 4/10 —ç—Ç–∞–∂ ¬∑ –ø–æ–º–µ—Å—è—á–Ω–æ,280 000 „Äí,"–¢—É—Ä–∫—Å–∏–±—Å–∫–∏–π —Ä-–Ω, –º–∫—Ä –ö–∞–π—Ä–∞—Ç, ‚Äã24-—è —É–ª–∏—Ü–∞ 501 ‚Äî –†—è–¥–æ–º –ñ–ö –ñ–∞—Å –ö–∞–Ω–∞—Ç (–°—É–ª—É–¢–∞–Ω) –º—Ä–Ω. –ö–∞–π—Ä–∞—Ç","–∂–∏–ª. –∫–æ–º–ø–ª–µ–∫—Å Time City, –º–µ–±–ª–∏—Ä–æ–≤–∞–Ω–∞ –ø–æ–ª–Ω–æ—Å—Ç—å—é, –ï–í–†–û—Ä–µ–º–æ–Ω—Ç, –∫–≤–∞—Ä—Ç–∏—Ä–∞ –Ω–æ–≤–∞—è, —Å–≤–µ—Ç–ª–∞—è, —á–∏—Å—Ç–∞—è –∫–≤–∞—Ä—Ç–∏—Ä–∞ –ø–æ—Å–ª–µ –∫–∞–ø–∏—Ç–∞–ª—å–Ω–æ–≥–æ —Ä–µ–º–æ–Ω—Ç–∞. —Å–¥–∞–µ—Ç—Å—è –Ω–∞ –¥–ª–∏—Ç–µ–ª—å–Ω—ã–π —Å—Ä–æ–∫, –∫–≤–∞—Ä—Ç–∏—Ä–∞ –≤ –æ—Ç–ª–∏—á–Ω–æ–º —Å–æ—Å—Ç–æ—è–Ω–∏–∏! –í –±–ª–∏–∂–∞–π—à–µ–π –¥–æ—Å—Ç—É–ø–Ω–æ—Å—Ç–∏ —Ç–æ—Ä–≥–æ–≤–æ-—Ä–∞–∑–≤–ª–µ–∫–∞—Ç–µ–ª—å–Ω—ã–π —Ü–µ–Ω—Ç—Ä –ê–ü–û–†–¢, —Å–∞–º—ã–π –±–æ–ª—å—à–æ–π –ö–∏–Ω–æ—Ç–µ–∞—Ç—Ä, –∫–∞—Ñ–µ, –º–∞–≥–∞–∑–∏–Ω—ã, —Å–∞‚Ä¶",
https://krisha-photos.kcdn.online/webp/4f/4f53321a-29f4-4483-b152-0dfaeee1f322/18-400x300.jpg,1-–∫–æ–º–Ω–∞—Ç–Ω–∞—è –∫–≤–∞—Ä—Ç–∏—Ä–∞ ¬∑ 70 –º¬≤ ¬∑ 19/20 —ç—Ç–∞–∂ ¬∑ –ø–æ–º–µ—Å—è—á–Ω–æ,700 000 „Äí,"–ë–æ—Å—Ç–∞–Ω–¥—ã–∫—Å–∫–∏–π —Ä-–Ω, –ì–∞–≥–∞—Ä–∏–Ω–∞ 310 ‚Äî –ê–ª—å-–§–∞—Ä–∞–±–∏","–∂–∏–ª. –∫–æ–º–ø–ª–µ–∫—Å –ö–æ–º—Ñ–æ—Ä—Ç –°–∏—Ç–∏, –º–µ–±–ª–∏—Ä–æ–≤–∞–Ω–∞ –ø–æ–ª–Ω–æ—Å—Ç—å—é, –®–∏–∫–∞—Ä–Ω–∞—è —Å—Ç—É–¥–∏—è, 70 –ö–í/–ú —Å –≤–∏—Ç—Ä–∞–∂–Ω—ã–º–∏ –æ–∫–Ω–∞–º–∏! –° –¥–∏–∑–∞–π–Ω–µ—Ä—Å–∫–∏–º —Ä–µ–º–æ–Ω—Ç–æ–º. –ù–æ–≤–∞—è, –Ω–µ —Ä–∞–∑—É –Ω–µ —Å–¥–∞–≤–∞–ª–∞—Å—å. –í—Å—è –º–µ–±–µ–ª—å –Ω–æ–≤–∞—è, –≤—ã—Å–æ–∫–æ—Å–∫–æ—Ä–æ—Å—Ç–Ω–æ–π WIFI, –∏–º–µ–µ—Ç—Å—è –≤—Å—è –Ω–µ–æ–±—Ö–æ–¥–∏–º–∞—è —Ç–µ—Ö–Ω–∏–∫–∞, —Ç–≤, –∫–æ–Ω–¥–∏—Ü–∏–æ–Ω–µ—Ä, –≤–æ–¥—è–Ω–æ–π —Ñ–∏–ª—å—Ç—Ä, –ø—ã–ª–µ—Å–æ—Å, —É—Ç—é–≥, –ø–æ—Å—É–¥–∞ –∏ —Ç–ø., –≤—Å–µ –Ω–æ‚Ä¶",
https://krisha-photos.kcdn.online/webp/28/28843a49-ccb7-493f-8e82-d7c6d37394ec/1-400x300.jpg,1-–∫–æ–º–Ω–∞—Ç–Ω–∞—è –∫–≤–∞—Ä—Ç–∏—Ä–∞ ¬∑ 40 –º¬≤ ¬∑ 9/9 —ç—Ç–∞–∂ ¬∑ –ø–æ–º–µ—Å—è—á–Ω–æ,200 000 „Äí,"–ë–æ—Å—Ç–∞–Ω–¥—ã–∫—Å–∫–∏–π —Ä-–Ω, –†–æ–∑—ã–±–∞–∫–∏–µ–≤–∞ ‚Äî –ê–ª—å-–§–∞—Ä–∞–±–∏","–º–µ–±–ª–∏—Ä–æ–≤–∞–Ω–∞ –ø–æ–ª–Ω–æ—Å—Ç—å—é, –°—Ä–æ—á–Ω–æ! –û—Ç–ª–∏—á–Ω—ã–π —Ä–∞–π–æ–Ω. —Å–¥–∞–µ—Ç—Å—è –≤–ø–µ—Ä–≤—ã–µ. –ë–µ–∑ –¥–µ–ø–æ–∑–∏—Ç–æ–≤. –†–∞–π–æ–Ω –¢–†–¶ –ú–µ–≥–∞. –£—Å–ª—É–≥–∏ —Ä–∏—ç–ª—Ç–æ—Ä–∞",
https://krisha-photos.kcdn.online/webp/27/2791fce3-52a2-404a-9463-1a4cbc499ff5/1-400x300.jpg,2-–∫–æ–º–Ω–∞—Ç–Ω–∞—è –∫–≤–∞—Ä—Ç–∏—Ä–∞ ¬∑ 50 –º¬≤ ¬∑ 3 —ç—Ç–∞–∂ ¬∑ –ø–æ–º–µ—Å—è—á–Ω–æ,400 000 „Äí,"–ë–æ—Å—Ç–∞–Ω–¥—ã–∫—Å–∫–∏–π —Ä-–Ω, –¢—É—Ä–≥—É—Ç –û–∑–∞–ª–∞ 237 ‚Äî –ê–±–∞—è –¢—É—Ä–≥—É—Ç –û–∑–∞–ª–∞","–∂–∏–ª. –∫–æ–º–ø–ª–µ–∫—Å –ö—Ä–∏—Å—Ç–∞–ª–ª, –º–µ–±–ª–∏—Ä–æ–≤–∞–Ω–∞ –ø–æ–ª–Ω–æ—Å—Ç—å—é, –°–¥–∞–º –≤ –∞—Ä–µ–Ω–¥—É –∫–≤–∞—Ä—Ç–∏—Ä—É 2 –∫–æ–º–Ω–∞—Ç—É. –ú–µ–±–ª–∏—Ä–æ–≤–∞–Ω–Ω–∞—è. –ö–æ–º—Ñ–æ—Ä—Ç +",
https://krisha-photos.kcdn.online/webp/0d/0d4f2a9d-bf88-4db4-a10f-fd790c6703b7/1-400x300.jpg,1-–∫–æ–º–Ω–∞—Ç–Ω–∞—è –∫–≤–∞—Ä—Ç–∏—Ä–∞ ¬∑ 27 –º¬≤ ¬∑ 10/10 —ç—Ç–∞–∂ ¬∑ –ø–æ–º–µ—Å—è—á–Ω–æ,165 000 „Äí,"–ù–∞—É—Ä—ã–∑–±–∞–π—Å–∫–∏–π —Ä-–Ω, –º–∫—Ä –®—É–≥—ã–ª–∞, –ñ—É–Ω–∏—Å–æ–≤–∞ 14/7 ‚Äî –ú–∞–≥–Ω—É–º–∞ –ø–æ –¢–æ–ª–µ –±–∏","–∂–∏–ª. –∫–æ–º–ø–ª–µ–∫—Å Alma City, –º–µ–±–ª–∏—Ä–æ–≤–∞–Ω–∞ –ø–æ–ª–Ω–æ—Å—Ç—å—é, –°–¥–∞–º –∫–≤–∞—Ä—Ç–∏—Ä—É –±–µ–∑ –∫–æ–º–∏—Å—Å–∏–∏ —Å 15 –ú–∞—Ä—Ç–∞ –≤ –æ—Ç–ª–∏—á–Ω–æ–º —Å–æ—Å—Ç–æ—è–Ω–∏–∏, –ù–ê –î–û–õ–ì–ò–ô –°–†–û–ö, –ê–ª–º–∞ —Å–∏—Ç–∏ —É–ª. –ñ—É–Ω–∏—Å–æ–≤–∞ –¥–æ–º 14 . –ø–æ–ª–Ω–æ—Å—Ç—å—é –º–µ–±–µ–ª–∏—Ä–æ–≤–∞–Ω–Ω–∞—è, –∏–º–µ–µ—Ç –≤—Å—é —Ç–µ—Ö–Ω–∏–∫—É, —Ñ–æ—Ç–æ–≥—Ä–∞—Ñ–∏–∏ —Å–æ–æ—Ç–≤–µ—Ç—Å—Ç–≤—É—é—Ç, –Ω–∞—Ö–æ–¥–∏—Ç—Å—è –Ω–∞ –ø–æ—Å–ª–µ–¥–Ω–µ–º 10-–º —ç—Ç–∞–∂–µ, –µ—Å—Ç—å –∫–æ–Ω–¥–∏—Ü–∏–æ–Ω–µ—Ä. –ò–º–µ–µ—Ç—Å—è –¥–µ–ø–æ–∑–∏‚Ä¶",
https://krisha-photos.kcdn.online/webp/22/22175566-2679-4e72-9137-a5165de84796/1-400x300.jpg,1-–∫–æ–º–Ω–∞—Ç–Ω–∞—è –∫–≤–∞—Ä—Ç–∏—Ä–∞ ¬∑ 39.3 –º¬≤ ¬∑ 5/5 —ç—Ç–∞–∂ ¬∑ –ø–æ–º–µ—Å—è—á–Ω–æ,180 000 „Äí,"–ñ–µ—Ç—ã—Å—É—Å–∫–∏–π —Ä-–Ω, –º–∫—Ä –ê–π–Ω–∞–±—É–ª–∞–∫-3 ‚Äî –ü–∞–ª–ª–∞–¥–∏–Ω–∞","–º–µ–±–ª–∏—Ä–æ–≤–∞–Ω–∞ –ø–æ–ª–Ω–æ—Å—Ç—å—é, –ö–≤–∞—Ä—Ç–∏—Ä–∞ —Ç–æ–ª—å–∫–æ –ø–æ—Å–ª–µ —Ä–µ–º–æ–Ω—Ç–∞. –¥–ª—è —Ç–µ—Ö –∫—Ç–æ –ª—é–±–∏—Ç –∫–æ–º—Ñ–æ—Ä—Ç –∏ —É—é—Ç. –æ—Ç–ª–∏—á–Ω–æ–µ –º–µ—Å—Ç–æ—Ä–∞—Å–ø–æ–ª–æ–∂–µ–Ω–∏–µ: –Ω–∞—Ö–æ–¥–∏—Ç—Å—è —Ä—è–¥–æ–º —Å —Å—É–ø–µ—Ä–º–∞—Ä–∫–µ—Ç–∞–º–∏, –æ—Å—Ç–∞–Ω–æ–≤–∫–æ–π, –Ω–æ –≤ —Ç–æ –∂–µ –≤—Ä–µ–º—è –æ–∫–Ω–∞ –≤—ã—Ö–æ–¥—è—Ç –≤–æ –¥–≤–æ—Ä",
https://krisha-photos.kcdn.online/webp/d6/d6943231-b31f-4529-a9a7-fa9fb63070d2/1-400x300.jpg,4-–∫–æ–º–Ω–∞—Ç–Ω–∞—è –∫–≤–∞—Ä—Ç–∏—Ä–∞ ¬∑ 135 –º¬≤ ¬∑ 7/10 —ç—Ç–∞–∂ ¬∑ –ø–æ–º–µ—Å—è—á–Ω–æ,850 000 „Äí,"–ë–æ—Å—Ç–∞–Ω–¥—ã–∫—Å–∫–∏–π —Ä-–Ω, –º–∫—Ä –ö–µ—Ä–µ–º–µ—Ç 6 ‚Äî –¢–∏–º–∏—Ä—è–∑–µ–≤–∞ - –ù–∞—É—Ä—ã–∑–±–∞–π –ë–∞—Ç—ã—Ä–∞","–∂–∏–ª. –∫–æ–º–ø–ª–µ–∫—Å –ö–µ—Ä–µ–º–µ—Ç, –º–µ–±–ª–∏—Ä–æ–≤–∞–Ω–∞ –ø–æ–ª–Ω–æ—Å—Ç—å—é, –ß–∏—Å—Ç–∞—è, –∞–∫–∫—É—Ä–∞—Ç–Ω–∞—è –∫–≤–∞—Ä—Ç–∏—Ä–∞. –î–æ—Ä–æ–≥–æ–π —Ä–µ–º–æ–Ω—Ç, –∞–≤—Ç–æ—Ä—Å–∫–∏–π –¥–∏–∑–∞–π–Ω. –ö–æ–Ω–¥–∏—Ü–∏–æ–Ω–µ—Ä—ã –≤–æ –≤—Å–µ—Ö –∫–æ–º–Ω–∞—Ç–∞—Ö –®—Ç–æ—Ä—ã, –∫–æ–≤—Ä—ã - –≤—Å–µ –Ω–æ–≤–æ–µ –î–æ–º —Ä–∞—Å–ø–æ–ª–æ–∂–µ–Ω –æ–∫–Ω–∞–º–∏ —Å–ø–∞–ª–µ–Ω –≤ –∑–µ–ª–µ–Ω—ã–π, —Ü–≤–µ—Ç—É—â–∏–π –ø–∞—Ä–∫ –ª–µ—Ç–æ–º –£—é—Ç–Ω—ã–π, —á–∏—Å—Ç—ã–π –∏ —Å–ø–æ–∫–æ–π–Ω—ã–π –¥–≤–æ—Ä –†—è–¥–æ–º –≤—Å—è –∏–Ω—Ñ—Ä–∞—Å—Ç—Ä—É–∫—Ç—É—Ä–∞ - –±–æ–ª—å—à–æ–π —Ç–æ—Ä–≥–æ–≤—ã‚Ä¶",
https://krisha-photos.kcdn.online/webp/76/76da1d47-3991-4d15-bcd9-8b2cefefb81f/35-400x300.jpg,2-–∫–æ–º–Ω–∞—Ç–Ω–∞—è –∫–≤–∞—Ä—Ç–∏—Ä–∞ ¬∑ 60 –º¬≤ ¬∑ 1/9 —ç—Ç–∞–∂ ¬∑ –ø–æ–º–µ—Å—è—á–Ω–æ,300 000 „Äí,"–ê—É—ç–∑–æ–≤—Å–∫–∏–π —Ä-–Ω, –º–∫—Ä –°–∞–π—Ä–∞–Ω","–º–µ–±–ª–∏—Ä–æ–≤–∞–Ω–∞ –ø–æ–ª–Ω–æ—Å—Ç—å—é, –ö–≤–∞—Ä—Ç–∏—Ä–∞ —Å–æ —Å–≤–µ–∂–∏–º —Ä–µ–º–æ–Ω—Ç–æ–º, –æ—á–µ–Ω—å –≤ —Ö–æ—Ä–æ—à–µ–º —Ä–∞—Å–ø–æ–ª–æ–∂–µ–Ω–∏–∏, 1 —ç—Ç–∞–∂ –æ—á–µ–Ω—å —É–¥–æ–±–Ω–æ! –ó–∞–∫—Ä—ã—Ç—ã–π –¥–≤–æ—Ä. –í—Å–µ –≤–æ–ø—Ä–æ—Å—ã –ø–æ —Ç–µ–ª–µ—Ñ–æ–Ω—É!",
https://krisha-photos.kcdn.online/webp/1c/1cf356ac-396f-4b5b-9cbe-bda7c19907b9/2-400x300.jpg,1-–∫–æ–º–Ω–∞—Ç–Ω–∞—è –∫–≤–∞—Ä—Ç–∏—Ä–∞ ¬∑ 34 –º¬≤ ¬∑ 2/12 —ç—Ç–∞–∂ ¬∑ –ø–æ–º–µ—Å—è—á–Ω–æ,180 000 „Äí,"–ê–ª–∞—Ç–∞—É—Å–∫–∏–π —Ä-–Ω, –º–∫—Ä –ê–∫–±—É–ª–∞–∫, –°–µ–π–¥–æ–ª–ª—ã –ë–∞–π—Ç–µ—Ä–µ–∫–æ–≤–∞ 53 ‚Äî –ú–æ–º—ã—à —É–ª—ã","–º–µ–±–ª–∏—Ä–æ–≤–∞–Ω–∞ –ø–æ–ª–Ω–æ—Å—Ç—å—é, –û—Ç–ª–∏—á–Ω–æ–µ –ø—Ä–µ–¥–ª–æ–∂–µ–Ω–∏–µ! 1 –∫–æ–º –∫–≤–∞—Ä—Ç–∏—Ä–∞. –î–ª—è –∫–æ–º—Ñ–æ—Ä—Ç–Ω–æ–≥–æ –ø—Ä–æ–∂–∏–≤–∞–Ω–∏—è-—Å–≤–µ—Ç–ª–∞—è, —á–∏—Å—Ç–∞—è, —Ç–∏—Ö–∞—è, —Ç–µ–ø–ª–∞—è, —É—é—Ç–Ω–∞—è, —É—Ö–æ–∂–µ–Ω–Ω–∞—è. –°–¥–∞—ë—Ç—Å—è –≤–ø–µ—Ä–≤—ã–µ. üî¥ –ë–ï–ó –ö–û–ú–ò–°–°–ò–ò –æ—Ç –∞–≥–µ–Ω—Å—Ç–≤–∞. üî¥–ü—Ä–µ–¥—É—Å–º–æ—Ç—Ä–µ–Ω —Å—Ç—Ä–∞—Ö–æ–≤–æ–π –¥–µ–ø–æ–∑–∏—Ç/—Å—Ç—É–¥–µ–Ω—Ç–∞–º –Ω–µ —Å–¥–∞—ë–º/ üîπ–£–¥–∞—á–Ω–æ–µ —Ä–∞—Å–ø–æ–ª–æ–∂–µ–Ω–∏–µ, 2 —ç—Ç–∞–∂, —Å –æ–∫–æ–Ω -–æ—Ç–∫—Ä—ã–≤–∞–µ—Ç—Å—è –∫—Ä–∞—Å–∏–≤—ã–π –≤–∏–¥‚Ä¶",
https://krisha-photos.kcdn.online/webp/be/be3af547-020f-4ccf-bb40-7ad842d650d8/1-400x300.jpg,2-–∫–æ–º–Ω–∞—Ç–Ω–∞—è –∫–≤–∞—Ä—Ç–∏—Ä–∞ ¬∑ 54 –º¬≤ ¬∑ 17/18 —ç—Ç–∞–∂ ¬∑ –ø–æ–º–µ—Å—è—á–Ω–æ,400 000 „Äí,"–ê—É—ç–∑–æ–≤—Å–∫–∏–π —Ä-–Ω, –º–∫—Ä –°–∞–π—Ä–∞–Ω, –£—Ç–µ–≥–µ–Ω –±–∞—Ç—ã—Ä–∞ 11 ‚Äî –¢–æ–ª–µ –±–∏ –£—Ç–µ–≥–µ–Ω –±–∞—Ç—ã—Ä–∞","–∂–∏–ª. –∫–æ–º–ø–ª–µ–∫—Å Everest, –º–µ–±–ª–∏—Ä–æ–≤–∞–Ω–∞ –ø–æ–ª–Ω–æ—Å—Ç—å—é, –°–¥–∞–µ—Ç—Å—è —à–∏–∫–∞—Ä–Ω–∞—è 2-—Ö –∫–æ–º–Ω–∞—Ç–Ω–∞—è –∫–≤–∞—Ä—Ç–∏—Ä–∞ —Å –¥–∏–∑–∞–π–Ω–µ—Ä—Å–∫–∏–º —Ä–µ–º–æ–Ω—Ç–æ–º –ñ–∫ Everest. –Ø —Ö–æ–∑—è–π–∫–∞. –°—É–±–∞—Ä–µ–Ω–¥–∞ –Ω–µ –±–µ—Å–ø–æ–∫–æ–∏—Ç –ö–≤–∞—Ä—Ç–∏—Ä–∞ —Å–¥–∞–µ—Ç—Å—è –ø–µ—Ä–≤—ã–π —Ä–∞–∑! –í –∫–≤–∞—Ä—Ç–∏—Ä–µ –≤—Å–µ –Ω–æ–≤–æ–µ. –í—Å—è –º–µ–±–µ–ª—å –∏ —Ç–µ—Ö–Ω–∏–∫–∞ –Ω–æ–≤—ã–µ. –®–∏–∫–∞—Ä–Ω—ã–π –≤–∏–¥ –∏–∑ –æ–∫–Ω–∞, –≥–æ—Ä—ã, –≥–æ—Ä–æ–¥ –≤ —Ü–µ–ª–æ–º. –ö—Ä–∞—Å–∏–≤—ã–π —É—é—Ç–Ω‚Ä¶",
https://krisha-photos.kcdn.online/webp/df/df4dd29e-d853-46e8-97ff-071fb165a68f/1-400x300.jpg,1-–∫–æ–º–Ω–∞—Ç–Ω–∞—è –∫–≤–∞—Ä—Ç–∏—Ä–∞ ¬∑ 33 –º¬≤ ¬∑ 1/5 —ç—Ç–∞–∂ ¬∑ –ø–æ–º–µ—Å—è—á–Ω–æ,160 000 „Äí,"–ê–ª–º–∞–ª–∏–Ω—Å–∫–∏–π —Ä-–Ω, –º–∫—Ä –¢–∞—Å—Ç–∞–∫-2, –î—É–π—Å–µ–Ω–æ–≤–∞ 111","–º–µ–±–ª–∏—Ä–æ–≤–∞–Ω–∞ –ø–æ–ª–Ω–æ—Å—Ç—å—é, –ö–≤–∞—Ä—Ç–∏—Ä–∞ –≤ —É–¥–æ–±–Ω–æ–º –∏ —Ç–∏—Ö–æ–º –º–µ—Å—Ç–µ. –û–ø–ª–∞—Ç–∞ –∑–∞ –ø–µ—Ä–≤—ã–π –∏ –ø–æ—Å–ª–µ–¥–Ω–∏–π –º–µ—Å—è—Ü –ø—Ä–∏ –∑–∞–µ–∑–¥–µ - 320 000 —Ç—ã—Å—è—á. –≠—Ç–æ –æ–±—è–∑–∞—Ç–µ–ª—å–Ω–æ. –ö–≤–∞—Ä—Ç–∏—Ä–∞ —Ö–æ—Ä–æ—à–∞—è, –ø–∏—à–∏—Ç–µ –∑–≤–æ–Ω–∏—Ç–µ",
https://krisha-photos.kcdn.online/webp/bc/bc94de68-7a05-4a1e-95c1-4a4d976424b3/1-400x300.jpg,2-–∫–æ–º–Ω–∞—Ç–Ω–∞—è –∫–≤–∞—Ä—Ç–∏—Ä–∞ ¬∑ 50 –º¬≤ ¬∑ 2/4 —ç—Ç–∞–∂ ¬∑ –ø–æ–º–µ—Å—è—á–Ω–æ,330 000 „Äí,"–ê–ª–º–∞–ª–∏–Ω—Å–∫–∏–π —Ä-–Ω, –ú–∞–Ω–∞—Å–∞ 7 ‚Äî –ê–±–∞—è - –ú–∞–Ω–∞—Å–∞","–º–µ–±–ª–∏—Ä–æ–≤–∞–Ω–∞ –ø–æ–ª–Ω–æ—Å—Ç—å—é, –í–æ–∑–≤—Ä–∞—Ç–Ω—ã–π –¥–µ–ø–æ–∑–∏—Ç, –∂–µ–ª–∞—Ç–µ–ª—å–Ω–æ –Ω–∞ –¥–æ–ª–≥–∏–π —Å—Ä–æ–∫, –±–µ–∑ –∂–∏–≤–æ—Ç–Ω—ã—Ö",
https://krisha-photos.kcdn.online/webp/58/58568a21-cac1-4656-b4ab-5d0bad6d8db0/4-400x300.jpg,3-–∫–æ–º–Ω–∞—Ç–Ω–∞—è –∫–≤–∞—Ä—Ç–∏—Ä–∞ ¬∑ 69 –º¬≤ ¬∑ 3/5 —ç—Ç–∞–∂ ¬∑ –ø–æ–º–µ—Å—è—á–Ω–æ,250 000 „Äí,"–ê—É—ç–∑–æ–≤—Å–∫–∏–π —Ä-–Ω, –º–∫—Ä –ê–∫—Å–∞–π-2–ê, –ú–∫—Ä –ê–∫—Å–∞–π-2 1 ‚Äî –¢–æ–ª–µ –±–∏ –°–∞–∏–Ω–∞","–º–µ–±–ª–∏—Ä–æ–≤–∞–Ω–∞ –ø–æ–ª–Ω–æ—Å—Ç—å—é, . –í –º–∞–∑–∏–Ω –Ω–∞ 1 —ç—Ç–∞–∂, –ú–∞–≥–Ω—É–º, –¢–µ—Ö–Ω–æ–¥–æ–º, –∏ –º–Ω–æ–≥–æ–µ –¥—Ä. —Å–∞–¥–∞–∫–∏, —à–∫–æ–ª—ã. –∫—É–ª–∏–Ω–∞—Ä–∏—è —Å—É–ø–µ—Ä. –ú–∞–∫ –î–∞–∫ –±—ã–≤—à–∏–π, –¥–æ–Ω–µ—Ä—ã, –±–ª–∏–Ω—ã, –ò–¢. –£–¥–æ–±–Ω–æ –µ—Ö–∞—Ç—å, —á—Ç–æ –≤–µ—Ä—Ö, —á—Ç–æ –Ω–∏–∑ –≥–æ—Ä–æ–¥–∞. –†–∏—ç–ª—Ç–æ—Ä—É –≤—ã –Ω–µ –ø–ª–∞—Ç–∏—Ç–µ –∫–æ–º–∏—Å—Å–∏—é. –Ø —Å–∞–º —Ö–æ–∑—è–∏–Ω",
https://krisha-photos.kcdn.online/webp/57/576c4e5f-aa8d-4b47-964c-61f051962374/41-400x300.jpg,2-–∫–æ–º–Ω–∞—Ç–Ω–∞—è –∫–≤–∞—Ä—Ç–∏—Ä–∞ ¬∑ 62 –º¬≤ ¬∑ 8/10 —ç—Ç–∞–∂ ¬∑ –ø–æ–º–µ—Å—è—á–Ω–æ,210 000 „Äí,"–ù–∞—É—Ä—ã–∑–±–∞–π—Å–∫–∏–π —Ä-–Ω, –º–∫—Ä –®—É–≥—ã–ª–∞, –ñ—É–Ω–∏—Å–æ–≤–∞ 12 ‚Äî –ù–∞–ø—Ä–æ—Ç–∏–≤ –ï–ª–∏—Å–µ–π—Å–∫–∏–µ –ø–æ–ª—è","–∂–∏–ª. –∫–æ–º–ø–ª–µ–∫—Å Alma City, –º–µ–±–ª–∏—Ä–æ–≤–∞–Ω–∞ –ø–æ–ª–Ω–æ—Å—Ç—å—é, –°–¥–∞–µ—Ç—Å—è –¥–≤—É—Ö–∫–æ–º–Ω–∞—Ç–Ω–∞—è –∫–≤–∞—Ä—Ç–∏—Ä–∞ –≤ –Ω–æ–≤–æ—Å—Ç—Ä–æ–π–∫–µ –ñ–ö ¬´–ê–ª–º–∞ –°–∏—Ç–∏¬ª, 2018–≥.–≤ —Ä-–Ω–µ –ê–ø–æ—Ä—Ç–∞, –ö–∞–ª–∫–∞–º–∞–Ω–∞ –≤ –æ–¥–Ω–æ–º –∏–∑ —Å–∞–º—ã—Ö —ç–∫–æ–ª–æ–≥–∏—á–µ—Å–∫–∏ —á–∏—Å—Ç—ã—Ö —Ä–∞–π–æ–Ω–æ–≤ –≥. –ê–ª–º–∞—Ç—ã. –ê—Ä–µ–Ω–¥–∞ –≤ –º–µ—Å—è—Ü 200000—Ç—ã—Å. —Ç–Ω–≥., –æ—Ç–¥–µ–ª—å–Ω–æ –∫–æ–º—É—Å–ª—É–≥–∏, –¥–µ–ø–æ–∑–∏—Ç 50—Ç—ã—Å. —Ç–Ω–≥. –ñ–∏–ª–æ–π –∫–æ–º–ø–ª–µ–∫—Å ¬´Alma City¬ª -‚Ä¶",
https://krisha-photos.kcdn.online/webp/02/029d4129-e9c8-4dc2-af4f-7b23ff281dfe/1-400x300.jpg,1-–∫–æ–º–Ω–∞—Ç–Ω–∞—è –∫–≤–∞—Ä—Ç–∏—Ä–∞ ¬∑ 24 –º¬≤ ¬∑ 2/2 —ç—Ç–∞–∂ ¬∑ –ø–æ–º–µ—Å—è—á–Ω–æ,100 000 „Äí,"–ê–ª–∞—Ç–∞—É—Å–∫–∏–π —Ä-–Ω, –º–∫—Ä –£–ª–∂–∞–Ω-1, –ú–∫—Ä –£–ª–∂–∞–Ω-1, —É–ª–∏—Ü–∞ –ë–∞–ª–∫—É–¥—ã–∫ 9","–º–µ–±–ª–∏—Ä–æ–≤–∞–Ω–∞ —á–∞—Å—Ç–∏—á–Ω–æ, –ò–Ω–¥–∏–≤–∏–¥—É–∞–ª—å–Ω—ã–π —Å–∞–Ω—É–∑–µ–ª: –¥—É—à, —É–Ω–∏—Ç–∞–∑, —Ä–∞–∫–æ–≤–∏–Ω–∞. –î–∏–≤–∞–Ω, —Å—Ç–æ–ª, —Å—Ç—É–ª—è, –∫—É—Ö–æ–Ω–Ω—ã–π –≥–∞—Ä–Ω–∏—Ç—É—Ä. –ö–æ–º–º—É–Ω–∞–ª—å–Ω—ã–µ —É—Å–ª—É–≥–∏ –æ–ø–ª–∞—á–∏–≤–∞—é—Ç—Å—è –æ—Ç–¥–µ–ª—å–Ω–æ",
https://krisha-photos.kcdn.online/webp/12/121342e0-e615-43f6-9a8d-88f4fc87517a/72-400x300.jpg,3-–∫–æ–º–Ω–∞—Ç–Ω–∞—è –∫–≤–∞—Ä—Ç–∏—Ä–∞ ¬∑ 160 –º¬≤ ¬∑ 2/6 —ç—Ç–∞–∂ ¬∑ –ø–æ–º–µ—Å—è—á–Ω–æ,950 000 „Äí,"–ë–æ—Å—Ç–∞–Ω–¥—ã–∫—Å–∫–∏–π —Ä-–Ω, –°–∞–Ω–∞—Ç–æ—Ä–Ω–∞—è 18 ‚Äî –°—ã—Ä–≥–∞–±–µ–∫–æ–≤–∞","–∂–∏–ª. –∫–æ–º–ø–ª–µ–∫—Å –ë–∞–π—Å–∞–ª, –º–µ–±–ª–∏—Ä–æ–≤–∞–Ω–∞ –ø–æ–ª–Ω–æ—Å—Ç—å—é, –°–¥–∞–µ—Ç—Å—è –ø—Ä–æ—Å—Ç–æ—Ä–Ω–∞—è 3-–∫–æ–º–Ω–∞—Ç–Ω–∞—è –∫–≤–∞—Ä—Ç–∏—Ä–∞ –≤ —ç–ª–∏—Ç–Ω–æ–º –ñ–ö –ë–∞–π—Å–∞–ª! –ü—Ä–µ–¥–ª–∞–≥–∞–µ–º –≤–∞–º —Å—Ç–∏–ª—å–Ω—É—é –∏ –∫–æ–º—Ñ–æ—Ä—Ç–Ω—É—é 3-–∫–æ–º–Ω–∞—Ç–Ω—É—é –∫–≤–∞—Ä—Ç–∏—Ä—É —Å –ø—Ä–æ–¥—É–º–∞–Ω–Ω–æ–π –ø–ª–∞–Ω–∏—Ä–æ–≤–∫–æ–π –≤ –æ–¥–Ω–æ–º –∏–∑ —Å–∞–º—ã—Ö –ø—Ä–µ—Å—Ç–∏–∂–Ω—ã—Ö –∂–∏–ª—ã—Ö –∫–æ–º–ø–ª–µ–∫—Å–æ–≤ –≥–æ—Ä–æ–¥–∞ ‚Äî –ñ–ö ‚Äú–ë–∞–π—Å–∞–ª‚Äù, —Ä–∞—Å–ø–æ–ª–æ–∂–µ–Ω–Ω–æ–º –≤—ã—à–µ –ø—Ä–æ—Å–ø–µ–∫—Ç–∞ –ê–ª—å-–§–∞—Ä–∞–±–∏‚Ä¶",
https://krisha-photos.kcdn.online/webp/69/694b378f-723b-4b0d-896f-42398aa5b0d9/1-400x300.jpg,2-–∫–æ–º–Ω–∞—Ç–Ω–∞—è –∫–≤–∞—Ä—Ç–∏—Ä–∞ ¬∑ 54 –º¬≤ ¬∑ 7/7 —ç—Ç–∞–∂ ¬∑ –ø–æ–º–µ—Å—è—á–Ω–æ,200 000 „Äí,"–ú–µ–¥–µ—É—Å–∫–∏–π —Ä-–Ω, –º–∫—Ä –î—É–º–∞–Ω-2, –†–∞–π–º–±–µ–∫ –±–∞—Ç—ã—Ä–∞ ‚Äî –ñ–ö –ë–µ—Å–∞–≥–∞—à","–ö–≤–∞—Ä—Ç–∏—Ä–∞ –Ω–∞—Ö–æ–¥–∏—Ç—Å—è –≤ –ñ–ö –ë–µ—Å–∞–≥–∞—à, —Å–¥–∞—ë—Ç—Å—è —Ç–æ–ª—å–∫–æ —Å–µ–º–µ–π–Ω—ã–º, –ø—Ä–µ–¥—É—Å–º–æ—Ç—Ä–µ–Ω –¥–µ–ø–æ–∑–∏—Ç, –µ—Å–ª–∏ –Ω–µ –¥–æ—Å—Ç—É–ø–µ–Ω, –ø–∏—à–∏—Ç–µ. –∏–ª–∏ –∑–≤–æ–Ω–∏—Ç–µ, —Å–µ—Ç—å –ø–ª–æ—Ö–æ –ª–æ–≤–∏—Ç",
https://krisha-photos.kcdn.online/webp/2b/2bc40b3d-deb5-4323-bd1d-0589066548b9/1-400x300.jpg,1-–∫–æ–º–Ω–∞—Ç–Ω–∞—è –∫–≤–∞—Ä—Ç–∏—Ä–∞ ¬∑ 64 –º¬≤ ¬∑ 9/12 —ç—Ç–∞–∂ ¬∑ –ø–æ–º–µ—Å—è—á–Ω–æ,380 000 „Äí,"–ë–æ—Å—Ç–∞–Ω–¥—ã–∫—Å–∫–∏–π —Ä-–Ω, –†–æ–∑—ã–±–∞–∫–∏–µ–≤–∞ 247 ‚Äî Mega Alma-Ata","–∂–∏–ª. –∫–æ–º–ø–ª–µ–∫—Å –í–∞–≤–∏–ª–æ–Ω, –∂–∏–ª. –ø–ª–æ—â–∞–¥—å 56 –º¬≤, –∫—É—Ö–Ω—è 8 –º¬≤, –º–µ–±–ª–∏—Ä–æ–≤–∞–Ω–∞ –ø–æ–ª–Ω–æ—Å—Ç—å—é, –ï—Å–ª–∏ –í—ã —Ü–µ–Ω–∏—Ç–µ –≤—Ä–µ–º—è –∏ —É –í–∞—Å —Ö–æ—Ä–æ—à–∏–π –≤–∫—É—Å - —Ç–æ –í–∞–º –∫ –Ω–∞–º! –ü—Ä–µ–∫—Ä–∞—Å–Ω—ã–π –≤–∏–¥ –∏–∑ –æ–∫–Ω–∞ –Ω–∞ –≥–æ—Ä—ã –ó–∞–∏–ª–∏–π—Å–∫–æ–≥–æ –ê–ª–∞—Ç–∞—É, –≤–æ–∑–º–æ–∂–Ω–æ—Å—Ç—å –∑–∞–Ω—è—Ç—å—Å—è –π–æ–≥–æ–π —Å –≤–∏–¥–æ–º –Ω–∞ –≥–æ—Ä—ã –Ω–∞ –æ–≥—Ä–æ–º–Ω–æ–π –ª–æ–¥–∂–∏–∏ —Å –≤–∏—Ç—Ä–∞–∂–Ω—ã–º–∏ –æ–∫–Ω–∞–º–∏, —É—Ö–æ–∂–µ–Ω–Ω—ã–π –¥–≤–æ—Ä, –≤ —à–∞–≥–æ–≤‚Ä¶",
https://krisha-photos.kcdn.online/webp/0a/0a01cc95-09e2-448c-9f0c-a50c1d33327a/1-400x300.jpg,3-–∫–æ–º–Ω–∞—Ç–Ω–∞—è –∫–≤–∞—Ä—Ç–∏—Ä–∞ ¬∑ 115 –º¬≤ ¬∑ 8/17 —ç—Ç–∞–∂ ¬∑ –ø–æ–º–µ—Å—è—á–Ω–æ,950 000 „Äí,"–ë–æ—Å—Ç–∞–Ω–¥—ã–∫—Å–∫–∏–π —Ä-–Ω, –†–∞–¥–æ—Å—Ç–æ–≤—Ü–∞ 280","–∂–∏–ª. –∫–æ–º–ø–ª–µ–∫—Å 4YOU, –º–µ–±–ª–∏—Ä–æ–≤–∞–Ω–∞ –ø–æ–ª–Ω–æ—Å—Ç—å—é, –°–¥–∞–µ—Ç—Å—è 3- —Ö –∫–æ–º–Ω–∞—Ç–Ω–∞—è –∫–≤–∞—Ä—Ç–∏—Ä–∞, —Ä–∞–Ω–µ–µ –Ω–µ —Å–¥–∞–≤–∞–ª–∞—Å—å –≤ –∞—Ä–µ–Ω–¥—É, —Å–≤–µ–∂–∏–π —Ä–µ–º–æ–Ω—Ç, –Ω–æ–≤–∞—è –º–µ–±–µ–ª—å, —Å–∞–Ω—Ç–µ—Ö–Ω–∏–∫–∞ –ø—Ä–µ–º–∏–∞–ª—å–Ω–æ–≥–æ –∫–∞—á–µ—Å—Ç–≤–∞. –û—Ç–ª–∏—á–Ω–æ–µ –º–µ—Å—Ç–æ–ø–æ–ª–æ–∂–µ–Ω–∏–µ, –¥–æ–º –±–∏–∑–Ω–µ—Å –∫–ª–∞—Å—Å–∞",
https://krisha-photos.kcdn.online/webp/ee/ee8e5fba-e0c9-490f-8da1-8ec5a87a04be/1-400x300.jpg,2-–∫–æ–º–Ω–∞—Ç–Ω–∞—è –∫–≤–∞—Ä—Ç–∏—Ä–∞ ¬∑ 74 –º¬≤ ¬∑ 6/12 —ç—Ç–∞–∂ ¬∑ –ø–æ–º–µ—Å—è—á–Ω–æ,450 000 „Äí,"–ê–ª–º–∞–ª–∏–Ω—Å–∫–∏–π —Ä-–Ω, –ê–π—Ç–∏–µ–≤–∞","–∂–∏–ª. –∫–æ–º–ø–ª–µ–∫—Å SIRIUS, –º–µ–±–ª–∏—Ä–æ–≤–∞–Ω–∞ –ø–æ–ª–Ω–æ—Å—Ç—å—é, –°–≤–µ–∂–∏–π —Ä–µ–º–æ–Ω—Ç. –í –∞—Ä–µ–Ω–¥—É –Ω–µ —Å–¥–∞–≤–∞–ª–∞—Å—å. –°–¥–∞–µ—Ç—Å—è –Ω–∞ –¥–ª–∏—Ç–µ–ª—å–Ω—ã–π —Å—Ä–æ–∫. –ö–æ–º–º—É–Ω–∞–ª—å–Ω—ã–µ —É—Å–ª—É–≥–∏ –æ–ø–ª–∞—á–∏–≤–∞—é—Ç—Å—è –æ—Ç–¥–µ–ª—å–Ω–æ + –¥–µ–ø–æ–∑–∏—Ç –≤ —Ä–∞–∑–º–µ—Ä–µ –º–µ—Å—è—á–Ω–æ–π –∞—Ä–µ–Ω–¥–Ω–æ–π –ø–ª–∞—Ç—ã",
https://krisha-photos.kcdn.online/webp/3e/3eb68aaf-e375-41d5-af87-5ba4b284f2ec/25-400x300.jpg,2-–∫–æ–º–Ω–∞—Ç–Ω–∞—è –∫–≤–∞—Ä—Ç–∏—Ä–∞ ¬∑ 56 –º¬≤ ¬∑ 3/6 —ç—Ç–∞–∂ ¬∑ –ø–æ–º–µ—Å—è—á–Ω–æ,250 000 „Äí,"–ù–∞—É—Ä—ã–∑–±–∞–π—Å–∫–∏–π —Ä-–Ω, –ñ—É–Ω–∏—Å–æ–≤–∞ 10 ‚Äî –¢–æ–ª–µ –±–∏- –ñ—É–Ω–∏—Å–æ–≤–∞","–∂–∏–ª. –∫–æ–º–ø–ª–µ–∫—Å Alma City, –º–µ–±–ª–∏—Ä–æ–≤–∞–Ω–∞ –ø–æ–ª–Ω–æ—Å—Ç—å—é, –°–¥–∞–º –≤ –∞—Ä–µ–Ω–¥—É —É—é—Ç–Ω—É—é 2 —Ö –∫–æ–º–Ω–∞—Ç–Ω—É—é –∫–≤–∞—Ä—Ç–∏—Ä—É. –ö–≤–∞—Ä—Ç–∏—Ä–∞ —Ç–µ–ø–ª–∞—è –∑–∏–º–æ–π, —Å—É—Ö–∞—è, —Ä—è–¥–æ–º –ú–∞–≥–Ω—É–º, —Å–∞–¥–∏–∫, —à–∫–æ–ª–∞, –º–∞–≥–∞–∑–∏–Ω—ã, –æ—Å—Ç–∞–Ω–æ–≤–∫–∞, –Ω–∞ –¥–æ–ª–≥–∏–π —Å—Ä–æ–∫, –ø–ª—é—Å –∫–æ–º —É—Å–ª—É–≥–∏, –µ—Å—Ç—å –¥–µ–ø–æ–∑–∏—Ç –≤–æ–∑–≤—Ä–∞—Ç–Ω—ã–π 50000 —Ç–µ–Ω–≥–µ",
https://krisha-photos.kcdn.online/webp/68/68b252f2-f603-46a7-8639-31ebf38469d3/16-400x300.jpg,2-–∫–æ–º–Ω–∞—Ç–Ω–∞—è –∫–≤–∞—Ä—Ç–∏—Ä–∞ ¬∑ 30 –º¬≤ ¬∑ –ø–æ–º–µ—Å—è—á–Ω–æ,130 000 „Äí,"–ñ–µ—Ç—ã—Å—É—Å–∫–∏–π —Ä-–Ω, 2 –ì–æ–Ω—á–∞—Ä–Ω–∞—è 143 –ª","–º–µ–±–ª–∏—Ä–æ–≤–∞–Ω–∞ —á–∞—Å—Ç–∏—á–Ω–æ, –°–¥–∞–º 2 —Ö –∫–æ–º–Ω–∞—Ç–Ω—É—é –∫–æ–º–Ω–∞—Ç—É –≤ –æ–±—â–µ–∂–∏—Ç–∏–µ. –î—É—à —Ç—É–∞–ª–µ—Ç –≤–Ω—É—Ç—Ä–∏, —Å—Ç–∏—Ä–∞–ª—å–Ω–∞—è –º–∞—à–∏–Ω–∞, —Ö–æ–ª–æ–¥–∏–ª—å–Ω–∏–∫, –≥–∞–∑! –æ—á–µ–Ω—å —Ç–µ–ø–ª—ã–π, 130 +–∫–≤–∞—Ä—Ç–ø–ª–∞—Ç–∞. –î–µ–ø–æ–∑–∏—Ç 50 —Ç—ã—Å –≤–æ–∑–≤—Ä–∞—Ç–Ω—ã–π. –ü–æ –≤—Å–µ–º –≤–æ–ø—Ä–æ—Å–∞–º –∏–ª–∏ –∑–≤–æ–Ω–∏—Ç—å! –ó–¥–µ—Å—å —Å–º—Å –Ω–µ —á–∏—Ç–∞—é",
https://krisha-photos.kcdn.online/webp/75/75216334-65ff-4bd5-8631-f00d6e7fa6df/8-400x300.jpg,2-–∫–æ–º–Ω–∞—Ç–Ω–∞—è –∫–≤–∞—Ä—Ç–∏—Ä–∞ ¬∑ 58 –º¬≤ ¬∑ 10/15 —ç—Ç–∞–∂ ¬∑ –ø–æ–º–µ—Å—è—á–Ω–æ,370 000 „Äí,"–ú–µ–¥–µ—É—Å–∫–∏–π —Ä-–Ω, –ì–æ–≥–æ–ª—è 20 ‚Äî –ì–æ–≥–æ–ª—è –ö–∞–∏—Ä–±–µ–∫–æ–≤–∞","–∂–∏–ª. –∫–æ–º–ø–ª–µ–∫—Å Central Park Residence, –º–µ–±–ª–∏—Ä–æ–≤–∞–Ω–∞ –ø–æ–ª–Ω–æ—Å—Ç—å—é, –£—é—Ç–Ω–∞—è –∫–≤–∞—Ä—Ç–∏—Ä–∞ —Å –∫—Ä–∞—Å–∏–≤—ã–º –≤–∏–¥–æ–º –Ω–∞ –ø–∞—Ä–∫ –∏ –≥–æ—Ä—ã. –ù–∞ –¥–æ–ª–≥–∏–π —Å—Ä–æ–∫ —Å–µ–º–µ–π–Ω—ã–º",
https://krisha-photos.kcdn.online/webp/f6/f67ac51f-74d8-4ee4-aa44-d7f5dcdbe422/9-400x300.jpg,2-–∫–æ–º–Ω–∞—Ç–Ω–∞—è –∫–≤–∞—Ä—Ç–∏—Ä–∞ ¬∑ 50 –º¬≤ ¬∑ 13/13 —ç—Ç–∞–∂ ¬∑ –ø–æ–º–µ—Å—è—á–Ω–æ,400 000 „Äí,"–ê–ª–º–∞–ª–∏–Ω—Å–∫–∏–π —Ä-–Ω, –¢–æ–ª–µ –±–∏ 189/3 ‚Äî –ñ–∞—Ä–æ–∫–æ–≤–∞","–∂–∏–ª. –∫–æ–º–ø–ª–µ–∫—Å Nomad, –º–µ–±–ª–∏—Ä–æ–≤–∞–Ω–∞ –ø–æ–ª–Ω–æ—Å—Ç—å—é, –ù–æ–≤–∞—è –∫–≤–∞—Ä—Ç–∏—Ä–∞ —Å –∫–∞—á–µ—Å—Ç–≤–µ–Ω–Ω—ã–º —Å–æ–≤—Ä–µ–º–µ–Ω–Ω—ã–º —Ä–µ–º–æ–Ω—Ç–æ–º. –ù–æ–≤—ã–π –ö–∞—á–µ—Å—Ç–≤–µ–Ω–Ω—ã–π –æ—Ä—Ç–æ–ø–µ–¥–∏—á–µ—Å–∫–∏–π –º–∞—Ç—Ä–∞—Ü. –£–¥–æ–±–Ω—ã–µ –≤–º–µ—Å—Ç–∏—Ç–µ–ª—å–Ω—ã–µ —à–∫–∞—Ñ—ã. –í—Å—Ç—Ä–æ–µ–Ω–Ω–∞—è —Ç–µ—Ö–Ω–∏–∫–∞. –ù–æ–≤–∞—è –º–µ–±–µ–ª—å. –ü–æ—Å—É–¥–∞, –¢–í, –∫–∞—Ä—Ç–∏–Ω—ã, –∫—Ä–∞—Å–∏–≤—ã–µ –≤–∞–∑—ã, –ø–æ–¥—Å–≤–µ—Ç–∫–∞ –¥–ª—è –∑–æ–Ω—ã –∫—É—Ö–Ω–∏ –∏ –¢–í. –ì–ª–∞–¥–∏–ª–∫–∞, —Å—É—à–∏–ª–∫–∞. –í –∫–∞–∂–¥–æ–π‚Ä¶",
https://krisha-photos.kcdn.online/webp/2c/2c257e2a-59e0-4ccf-86b5-e86b4ea6553f/1-400x300.jpg,3-–∫–æ–º–Ω–∞—Ç–Ω–∞—è –∫–≤–∞—Ä—Ç–∏—Ä–∞ ¬∑ 110 –º¬≤ ¬∑ 3/10 —ç—Ç–∞–∂ ¬∑ –ø–æ–º–µ—Å—è—á–Ω–æ,750 000 „Äí,"–ë–æ—Å—Ç–∞–Ω–¥—ã–∫—Å–∫–∏–π —Ä-–Ω, –†–æ–∑—ã–±–∞–∫–∏–µ–≤–∞ 310a","–∂–∏–ª. –∫–æ–º–ø–ª–µ–∫—Å 4YOU, –∂–∏–ª. –ø–ª–æ—â–∞–¥—å 64 –º¬≤, –∫—É—Ö–Ω—è 20 –º¬≤, –º–µ–±–ª–∏—Ä–æ–≤–∞–Ω–∞ –ø–æ–ª–Ω–æ—Å—Ç—å—é, –û –∫–≤–∞—Ä—Ç–∏—Ä–µ: üîπ –ü—Ä–æ—Å—Ç–æ—Ä–Ω–∞—è –∏ —Å–≤–µ—Ç–ª–∞—è, —Å –¥–∏–∑–∞–π–Ω–µ—Ä—Å–∫–∏–º —Ä–µ–º–æ–Ω—Ç–æ–º –∏ –ø–µ—Ä–≤–æ–∫–ª–∞—Å—Å–Ω–æ–π –º–µ–±–µ–ª—å—é üîπ –§—É–Ω–∫—Ü–∏–æ–Ω–∞–ª—å–Ω–∞—è –ø–ª–∞–Ω–∏—Ä–æ–≤–∫–∞: ‚Ä¢ 2 —É—é—Ç–Ω—ã–µ —Å–ø–∞–ª—å–Ω–∏ ‚Ä¢ –ü—Ä–æ—Å—Ç–æ—Ä–Ω–∞—è –∫—É—Ö–Ω—è ‚Äî –∏–¥–µ–∞–ª—å–Ω–æ –¥–ª—è –∫–æ–º—Ñ–æ—Ä—Ç–Ω–æ–≥–æ –æ—Ç–¥—ã—Ö–∞ –∏ –ø—Ä–∏—ë–º–∞ –≥–æ—Å—Ç–µ–π ‚Ä¢ 2 —Å–æ–≤—Ä–µ–º–µ–Ω–Ω—ã—Ö —Å–∞–Ω—É–∑–ª‚Ä¶",
https://krisha-photos.kcdn.online/webp/0f/0f20b396-562d-4ac0-97ab-10e80fe7c0f0/4-400x300.jpg,2-–∫–æ–º–Ω–∞—Ç–Ω–∞—è –∫–≤–∞—Ä—Ç–∏—Ä–∞ ¬∑ 54 –º¬≤ ¬∑ 5/5 —ç—Ç–∞–∂ ¬∑ –ø–æ–º–µ—Å—è—á–Ω–æ,225 000 „Äí,"–ê—É—ç–∑–æ–≤—Å–∫–∏–π —Ä-–Ω, –º–∫—Ä –ú–∞–º—ã—Ä, –ö–µ—Ä—É–µ–Ω—Ç–∞—É 12–∞ ‚Äî –ñ–∞–Ω–¥–æ—Å–æ–≤–∞ –Ø—Å—Å–∞—É–∏","–º–µ–±–ª–∏—Ä–æ–≤–∞–Ω–∞ –ø–æ–ª–Ω–æ—Å—Ç—å—é, –ö–≤–∞—Ä—Ç–∏—Ä–∞ –ø–æ—Å–ª–µ —Ä–µ–º–æ–Ω—Ç–∞, –∫–æ–º–Ω–∞—Ç—ã —Ä–∞–∑–¥–µ–ª—å–Ω—ã–µ, –±–∞–ª–∫–æ–Ω –∑–∞–∫—Ä—ã—Ç—ã–π. –∫—É–ø–ª—é –Ω–æ–≤—ã–π –º–∞—Ç—Ä–∞—Å –¥–ª—è –∫—Ä–æ–≤–∞—Ç–∏ –∫–∞–∫ –∑–∞–µ–¥–∏—Ç–µ. —Å–¥–∞–º –Ω–∞ –¥–æ–ª–≥–∏–π —Å—Ä–æ–∫ —Å–µ–º–µ–π–Ω–æ–π –ø–∞—Ä–µ –±–µ–∑ –¥–æ–º–∞—à–Ω–∏—Ö –ø–∏—Ç–æ–º—Ü–µ–≤ –∏–ª–∏ –¥–µ–≤—É—à–∫–∞–º –Ω–µ –±–æ–ª–µ–µ 4 —á–µ–ª–æ–≤–µ–∫. –î–µ–ø–æ–∑–∏—Ç 50 —Ç—ã—Å—è—á. –ö–æ–º–º—É–Ω–∞–ª–∫–∞ –æ—Ç–¥–µ–ª—å–Ω–æ. –¢–æ—Ä–≥–∞ –Ω–µ—Ç. –ø–∏—à–∏—Ç–µ, –∑–≤–æ–Ω–∏—Ç–µ",
https://krisha-photos.kcdn.online/webp/39/39cc2173-eea6-4eec-9c93-e29515f2b420/1-400x300.jpg,2-–∫–æ–º–Ω–∞—Ç–Ω–∞—è –∫–≤–∞—Ä—Ç–∏—Ä–∞ ¬∑ 100 –º¬≤ ¬∑ 1/7 —ç—Ç–∞–∂ ¬∑ –ø–æ–º–µ—Å—è—á–Ω–æ,700 000 „Äí,"–ë–æ—Å—Ç–∞–Ω–¥—ã–∫—Å–∫–∏–π —Ä-–Ω, –ú–∫—Ä ¬´–ú–∏—Ä–∞—Å¬ª 31","–∂–∏–ª. –∫–æ–º–ø–ª–µ–∫—Å Miras Park, –º–µ–±–ª–∏—Ä–æ–≤–∞–Ω–∞ –ø–æ–ª–Ω–æ—Å—Ç—å—é, –û–ü–ò–°–ê–ù–ò–ï ‚ô¶Ô∏è–í–ü–ï–†–í–´–ï —Å–¥–∞–µ—Ç—Å—è 2-—Ö –∫–æ–º–Ω–∞—Ç–Ω–∞—è –∫–≤–∞—Ä—Ç–∏—Ä–∞ –≤ —Å–∞–º–æ–º –≤–æ—Å—Ç—Ä–µ–±–æ–≤–∞–Ω–Ω–æ–º —Ä–∞–π–æ–Ω–µ –≥–æ—Ä–æ–¥–∞ –±–∏–∑–Ω–µ—Å –ö–õ–ê–°–°–ê üî•. üîπ–î–æ–º –ù–ï –≤—ã—Ö–æ–¥–∏—Ç –Ω–∞ –¥–æ—Ä–æ–≥—É. –•–æ—Ä–æ—à–∏–µ, –∏–Ω—Ç–µ–ª–ª–∏–≥–µ–Ω—Ç–Ω—ã–µ –∏ –ø–æ—Ä—è–¥–æ—á–Ω—ã–µ —Å–æ—Å–µ–¥–∏. üîπ –î–æ–º –º–æ–Ω–æ–ª–∏—Ç–Ω–æ–µ –∫–æ–Ω—Å—Ç—Ä—É–∫—Ü–∏—è, —Å–æ–æ—Ç–≤–µ—Ç—Å—Ç–≤—É–µ—Ç –≤—Å–µ–º —Å–µ–π—Å–º–∏—á–µ—Å–∫–∏–º —Ç—Ä–µ–±–æ–≤–∞‚Ä¶",
https://krisha-photos.kcdn.online/webp/42/42175bd6-5041-406a-b2ff-5be00b668c61/14-400x300.jpg,3-–∫–æ–º–Ω–∞—Ç–Ω–∞—è –∫–≤–∞—Ä—Ç–∏—Ä–∞ ¬∑ 115 –º¬≤ ¬∑ 15/21 —ç—Ç–∞–∂ ¬∑ –ø–æ–º–µ—Å—è—á–Ω–æ,1 099 999 „Äí,"–ë–æ—Å—Ç–∞–Ω–¥—ã–∫—Å–∫–∏–π —Ä-–Ω, –ê–ª—å-–§–∞—Ä–∞–±–∏ 27/5 ‚Äî –°–µ–π—Ñ—É–ª–ª–∏–Ω–∞","–∂–∏–ª. –∫–æ–º–ø–ª–µ–∫—Å AL‚ÄôFARABI 27, –º–µ–±–ª–∏—Ä–æ–≤–∞–Ω–∞ –ø–æ–ª–Ω–æ—Å—Ç—å—é, –°–¥–∞–º –ø—Ä–æ—Å—Ç–æ—Ä–Ω—É—é 3—Ö –∫–≤–∞—Ä—Ç–∏—Ä—É –ø–æ–ª–Ω–æ—Ü–µ–Ω–Ω—É—é —Å–æ —Å–≤–µ–∂–∏–º —Ä–µ–º–æ–Ω—Ç–æ–º, –Ω–∏–∫—Ç–æ –Ω–µ –∂–∏–ª! –ó–∞–ª —Å –ø—Ä–µ–∫—Ä–∞—Å–Ω—ã–º –≤–∏–¥–æ–º –Ω–∞ –≥–æ—Ä—ã, –¥–≤–µ —Å–ø–∞–ª—å–Ω–∏, –∫—É—Ö–Ω—è —Å –±–∞–ª–∫–æ–Ω–æ–º –∏ —Ç—Ä–∏ —Å–∞–Ω—É–∑–ª–∞. –î–≤–∞ –∫–æ–Ω–¥–∏—Ü–∏–æ–Ω–µ—Ä–∞ –≤ –∫–≤–∞—Ä—Ç–∏—Ä–µ, –≤—Å—è —Ç–µ—Ö–Ω–∏–∫–∞ –≤—Å—Ç—Ä–æ–µ–Ω–Ω–∞—è!–ù–∞ –ø–ª–æ—â–∞–¥–∫–µ –¥–≤–µ –∫–≤–∞—Ä—Ç–∏—Ä—ã. –î–≤–∞ –ª–∏—Ñ—Ç–∞ –≥—Ä—É–∑‚Ä¶",
https://krisha-photos.kcdn.online/webp/e8/e88a6497-394f-48d8-8ff8-d8c275a40b22/1-400x300.jpg,1-–∫–æ–º–Ω–∞—Ç–Ω–∞—è –∫–≤–∞—Ä—Ç–∏—Ä–∞ ¬∑ 37 –º¬≤ ¬∑ 5/12 —ç—Ç–∞–∂ ¬∑ –ø–æ–º–µ—Å—è—á–Ω–æ,420 000 „Äí,"–ê–ª–º–∞–ª–∏–Ω—Å–∫–∏–π —Ä-–Ω, –°–µ–π—Ñ—É–ª–ª–∏–Ω–∞ 416 –∫ 4 ‚Äî –ú–∞–∫–∞—Ç–∞–µ–≤–∞","–∂–∏–ª. –∫–æ–º–ø–ª–µ–∫—Å Meridian Apartments, –º–µ–±–ª–∏—Ä–æ–≤–∞–Ω–∞ –ø–æ–ª–Ω–æ—Å—Ç—å—é, –ù–æ–≤–∞—è –∫–≤–∞—Ä—Ç–∏—Ä–∞ —Å –¥–∏–∑–∞–π–Ω–µ—Ä—Å–∫–∏–º —Ä–µ–º–æ–Ω—Ç–æ–º! –í—Å–µ –µ—Å—Ç—å –¥–ª—è –ø—Ä–æ–∂–∏–≤–∞–Ω–∏—è. –í—Å—è –º–µ–±–µ–ª—å –≤—Å—Ç—Ä–æ–µ–Ω–Ω–∞—è, —Ç–µ—Ö–Ω–∏–∫–∞ –Ω–æ–≤–∞—è, –∫—Ä–æ–≤–∞—Ç—å —Å –º–∞—Ç—Ä–∞—Å–æ–º —É–¥–æ–±–Ω—ã–µ. –ñ–ö –Ω–∞—Ö–æ–¥–∏—Ç—Å—è –≤ —Ü–µ–Ω—Ç—Ä–µ! –í—Å–µ –≤ —à–∞–≥–æ–≤–æ–π –¥–æ—Å—Ç—É–ø–Ω–æ—Å—Ç–∏. –î–µ–ø–æ–∑–∏—Ç 100 —Ç–≥. –í–æ–∑–≤—Ä–∞—â–∞–µ—Ç—Å—è, –µ—Å–ª–∏ –≤ –∫–≤–∞—Ä—Ç–∏—Ä–µ –≤—Å–µ –≤ —Ç–∞–∫–æ–º‚Ä¶",
https://krisha-photos.kcdn.online/webp/ed/edb85f61-38b8-4722-b10f-c6503133febc/7-400x300.jpg,1-–∫–æ–º–Ω–∞—Ç–Ω–∞—è –∫–≤–∞—Ä—Ç–∏—Ä–∞ ¬∑ 40 –º¬≤ ¬∑ 7/12 —ç—Ç–∞–∂ ¬∑ –ø–æ–º–µ—Å—è—á–Ω–æ,300 000 „Äí,"–ë–æ—Å—Ç–∞–Ω–¥—ã–∫—Å–∫–∏–π —Ä-–Ω, –°–∞—Ç–ø–∞–µ–≤–∞ 90 –ê ‚Äî –¢—É—Ä–∫–µ–±–∞–µ–≤–∞","–∂–∏–ª. –∫–æ–º–ø–ª–µ–∫—Å –ê–∫–≤–∞—Ä–µ–ª—å, –º–µ–±–ª–∏—Ä–æ–≤–∞–Ω–∞ –ø–æ–ª–Ω–æ—Å—Ç—å—é, –£—é—Ç–Ω–∞—è 1-–∫–æ–º–Ω–∞—Ç–Ω–∞—è –∫–≤–∞—Ä—Ç–∏—Ä–∞ –≤ –ø—Ä–µ—Å—Ç–∏–∂–Ω–æ–º –ñ–ö ‚Äú–ê–∫–≤–∞—Ä–µ–ª—å‚Äù –°–≤–µ—Ç–ª–∞—è, —á–∏—Å—Ç–∞—è, –ø–æ–ª–Ω–æ—Å—Ç—å—é –º–µ–±–ª–∏—Ä–æ–≤–∞–Ω–Ω–∞—è –∫–≤–∞—Ä—Ç–∏—Ä–∞ —Å —Å–æ–≤—Ä–µ–º–µ–Ω–Ω–æ–π —Ç–µ—Ö–Ω–∏–∫–æ–π. –û—Ç–ª–∏—á–Ω–∞—è –ø–ª–∞–Ω–∏—Ä–æ–≤–∫–∞, –ø—Ä–æ—Å—Ç–æ—Ä–Ω–∞—è –ª–æ–¥–∂–∏—è, –∫–∞—á–µ—Å—Ç–≤–µ–Ω–Ω—ã–π —Ä–µ–º–æ–Ω—Ç. –ó–∞–∫—Ä—ã—Ç–∞—è —Ç–µ—Ä—Ä–∏—Ç–æ—Ä–∏—è —Å –æ—Ö—Ä–∞–Ω–æ–π, –≤–∏–¥–µ–æ–Ω–∞–±–ª—é–¥–µ–Ω–∏–µ–º –∏ –¥–µ—Ç—Å–∫–æ–π –ø–ª‚Ä¶",
https://krisha-photos.kcdn.online/webp/2b/2b130625-95a9-4a7d-b2df-048b097cd2ea/3-400x300.jpg,2-–∫–æ–º–Ω–∞—Ç–Ω–∞—è –∫–≤–∞—Ä—Ç–∏—Ä–∞ ¬∑ 40 –º¬≤ ¬∑ 2/3 —ç—Ç–∞–∂ ¬∑ –ø–æ–º–µ—Å—è—á–Ω–æ,230 000 „Äí,"–ú–µ–¥–µ—É—Å–∫–∏–π —Ä-–Ω, –î–æ—Å—Ç—ã–∫ 99–±","–º–µ–±–ª–∏—Ä–æ–≤–∞–Ω–∞ –ø–æ–ª–Ω–æ—Å—Ç—å—é, –í —Å–∞–º–æ–º –ø—Ä–µ—Å—Ç–∏–∂–Ω–æ–º —Ä–∞–π–æ–Ω–µ –≥–æ—Ä–æ–¥–∞ –ê–ª–º–∞—Ç—ã, –ø—Ä. –î–æ—Å—Ç—ã–∫ —É–≥–æ–ª –ê–ª—å-–§–∞—Ä–∞–±–∏. –°–¥–∞–º –Ω–∞ –¥–ª–∏—Ç–µ–ª—å–Ω—ã–π —Å—Ä–æ–∫! –î–µ–ø–æ–∑–∏—Ç 50 —Ç—ã—Å –ê–≥–µ–Ω—Ç—Å—Ç–≤–æ!",
https://krisha-photos.kcdn.online/webp/a1/a10db68e-6b48-4922-b81b-a7870b420475/1-400x300.jpg,3-–∫–æ–º–Ω–∞—Ç–Ω–∞—è –∫–≤–∞—Ä—Ç–∏—Ä–∞ ¬∑ 57 –º¬≤ ¬∑ 11/18 —ç—Ç–∞–∂ ¬∑ –ø–æ–º–µ—Å—è—á–Ω–æ,500 000 „Äí,"–ë–æ—Å—Ç–∞–Ω–¥—ã–∫—Å–∫–∏–π —Ä-–Ω, –ñ–∞–Ω–¥–æ—Å–æ–≤–∞ 94–ê ‚Äî –ö–µ–∫–∏–ª—å–±–∞–µ–≤–∞","–∂–∏–ª. –∫–æ–º–ø–ª–µ–∫—Å RAMS CITY, –º–µ–±–ª–∏—Ä–æ–≤–∞–Ω–∞ –ø–æ–ª–Ω–æ—Å—Ç—å—é, üåü–°–¥–∞–µ—Ç—Å—è –¥–∏–∑–∞–π–Ω–µ—Ä—Å–∫–∞—è –∫–≤–∞—Ä—Ç–∏—Ä–∞ —Å –æ—á–µ–Ω—å –¥–æ—Ä–æ–≥–∏–º —Ä–µ–º–æ–Ω—Ç–æ–º –≤ –ñ–ö RAMS City üåÜ –≤–æ –¥–≤–æ—Ä–µ –±—É–ª—å–≤–∞—Ä —Å —Ñ–æ–Ω—Ç–∞–Ω–∞–º–∏ –∏ –∏–≥—Ä–æ–≤—ã–º–∏ –ø–ª–æ—â–∞–¥–∫–∞–º–∏ –í—Å—è –∫–≤–∞—Ä—Ç–∏—Ä–∞–∫–≤–∞—Ä—Ç–∏—Ä–∞ –æ—Ç–¥–µ–ª–∞–Ω–∞ –¥–æ—Ä–æ–≥–∏–º–∏ –º–∞—Ç–µ—Ä–∏–∞–ª–∞–º–∏ –∏ –ø–∞–Ω–µ–ª—è–º–∏ –∞ –í –∫–≤–∞—Ä—Ç–∏—Ä–µ –µ—Å—Ç—å —à–∫–∞—Ñ—ã –≥–¥–µ –≤—ã —Å–º–æ–∂–µ—Ç–µ —Ä–∞–∑–º–µ—Å—Ç–∏—Ç—å –≤—Å–µ —Å–≤–æ–∏ –≤–µ—â–∏ –∏‚Ä¶",
https://krisha-photos.kcdn.online/webp/62/6221f2c3-6043-42d9-9130-10fe11182760/1-400x300.jpg,2-–∫–æ–º–Ω–∞—Ç–Ω–∞—è –∫–≤–∞—Ä—Ç–∏—Ä–∞ ¬∑ 45 –º¬≤ ¬∑ 3/4 —ç—Ç–∞–∂ ¬∑ –ø–æ–º–µ—Å—è—á–Ω–æ,230 000 „Äí,"–ê—É—ç–∑–æ–≤—Å–∫–∏–π —Ä-–Ω, –º–∫—Ä ‚Ññ8 17 ‚Äî –û—Ç–µ–≥–µ–Ω –±–∞—Ç—ã—Ä–∞","–ø–∞–Ω–µ–ª—å–Ω—ã–π –¥–æ–º, 1970 –≥.–ø., –ò–¥–µ–∞–ª—å–Ω–æ —á–∏—Å—Ç–∞—è, —É—é—Ç–Ω–∞—è –∫–≤–∞—Ä—Ç–∏—Ä–∞ –ø–æ—Å–ª–µ –∫–∞–ø–∏—Ç–∞–ª—å–Ω–æ–≥–æ —Ä–µ–º–æ–Ω—Ç–∞ –≤ –±–µ–ª–æ–º —Å—Ç–∏–ª–µ!–ö—É—Ö–Ω—è –≤—Å—Ç—Ä–æ–µ–Ω–Ω–∞—è, –±—ã—Ç —Ç–µ—Ö–Ω–∏–∫–∞ –ø–æ–ª–Ω–æ—Å—Ç—å—é –µ—Å—Ç—å! –ë–∞–ª–∫–æ–Ω –∫–∞–ø–∏—Ç–∞–ª—å–Ω–æ –∑–∞—Å—Ç–µ–∫–ª–µ–Ω! –ú–µ–±–µ–ª—å —Å–æ–≤—Ä–µ–º–µ–Ω–Ω–∞—è! –†–∞–π–æ–Ω –ê–±–∞—è –£—Ç–µ–≥–µ–Ω –±–∞—Ç—ã—Ä–∞ —Ä—è–¥–æ–º —Å –º–µ—Ç—Ä–æ! –†—è–¥–æ–º –¢–†–¶ –ú–æ—Å–∫–≤–∞, –ø–∞—Ä–∫ –§—ç–º–∏–ª–∏, –Ω–µ—Å–∫–æ–ª—å–∫–æ —à–∫–æ–ª –∏ –¥–µ—Ç—Å–∫–∏—Ö —Å–∞–¥–æ–≤‚Ä¶",
https://krisha-photos.kcdn.online/webp/d2/d289eb65-c216-4d57-a53d-33e1d2cae980/11-400x300.jpg,2-–∫–æ–º–Ω–∞—Ç–Ω–∞—è –∫–≤–∞—Ä—Ç–∏—Ä–∞ ¬∑ 50 –º¬≤ ¬∑ –ø–æ–º–µ—Å—è—á–Ω–æ,450 000 „Äí,"–ë–æ—Å—Ç–∞–Ω–¥—ã–∫—Å–∫–∏–π —Ä-–Ω, –ñ–∞–Ω–¥–æ—Å–æ–≤–∞ 94–ê ‚Äî –†–æ–∑—ã–±–∞–∫–∏–µ–≤–∞","–∂–∏–ª. –∫–æ–º–ø–ª–µ–∫—Å RAMS CITY, –º–µ–±–ª–∏—Ä–æ–≤–∞–Ω–∞ –ø–æ–ª–Ω–æ—Å—Ç—å—é, –°–¥–∞–µ—Ç—Å—è —Å—Ç–∏–ª—å–Ω–∞—è, —É—é—Ç–Ω–∞—è 2-—Ö –∫–æ–º–Ω–∞—Ç–Ω–∞—è –∫–≤–∞—Ä—Ç–∏—Ä–∞ –≤ –ñ–ö Rams City! –ö–≤–∞—Ä—Ç–∏—Ä–∞ —É–∫–æ–º–ø–ª–µ–∫—Ç–æ–≤–∞–Ω–∞ –Ω–µ–æ–±—Ö–æ–¥–∏–º–æ–π –±—ã—Ç–æ–≤–æ–π —Ç–µ—Ö–Ω–∏–∫–æ–π –∏ –º–µ–±–µ–ª—å—é –¥–ª—è –∫–æ–º—Ñ–æ—Ä—Ç–Ω–æ–≥–æ –ø—Ä–æ–∂–∏–≤–∞–Ω–∏—è, –Ω–∞ –∫—É—Ö–Ω–µ –∏–º–µ–µ—Ç—Å—è –ø–æ—Å—É–¥–æ–º–æ–µ—á–Ω–∞—è –º–∞—à–∏–Ω–∞, —É—Å—Ç–∞–Ω–æ–≤–ª–µ–Ω –∫–æ–Ω–¥–∏—Ü–∏–æ–Ω–µ—Ä. –í —Å–ø–∞–ª—å–Ω–µ –æ–±–æ—Ä—É–¥–æ–≤–∞–Ω–æ —Ä–∞–±–æ‚Ä¶",
https://krisha-photos.kcdn.online/webp/b4/b40b77c9-60a1-49ba-a031-5a54b218ff97/54-400x300.jpg,3-–∫–æ–º–Ω–∞—Ç–Ω–∞—è –∫–≤–∞—Ä—Ç–∏—Ä–∞ ¬∑ 120 –º¬≤ ¬∑ 2/3 —ç—Ç–∞–∂ ¬∑ –ø–æ–º–µ—Å—è—á–Ω–æ,1 000 000 „Äí,"–ë–æ—Å—Ç–∞–Ω–¥—ã–∫—Å–∫–∏–π —Ä-–Ω, –ú–∫—Ä –ù—É—Ä–ª—ã—Ç–∞—É, —É–ª. 6-—è 66","–∂–∏–ª. –∫–æ–º–ø–ª–µ–∫—Å Bright Hills, –º–µ–±–ª–∏—Ä–æ–≤–∞–Ω–∞ –ø–æ–ª–Ω–æ—Å—Ç—å—é, –°–¥–∞–µ—Ç—Å—è –ø—Ä–µ–∫—Ä–∞—Å–Ω–∞—è 4-—Ö –∫–æ–º–Ω–∞—Ç–Ω–∞—è –∫–≤–∞—Ä—Ç–∏—Ä–∞ –≤ —ç–∫–æ–ª–æ–≥–∏—á–µ—Å–∫–∏ —á–∏—Å—Ç–æ–º —Ä–∞–π–æ–Ω–µ –ü—Ä–µ–∫—Ä–∞—Å–Ω—ã–π –≤–∏–¥ –Ω–∞ –≥–æ—Ä—ã –ï—Å—Ç—å –±–æ–ª—å—à–æ–π –±–∞–ª–∫–æ–Ω –ù–∞–≤–µ—Ä—Ö—É –µ—Å—Ç—å –æ–≥—Ä–æ–º–Ω–∞—è —Ç–µ—Ä—Ä–∞—Å–∞ –ù–∞ —Ç–µ—Ä—Ä–∞—Å–µ –µ—Å—Ç—å –±–æ–ª—å—à–æ–π –±–∞—Å—Å–µ–π–Ω –ë–∞—Ä–±–µ–∫—é –≥—Ä–∏–ª—å –°–∞—É–Ω–∞ –í—Å—è —Å–∞–Ω—Ç–µ—Ö–Ω–∏–∫–∞ –æ—Ç Ghroe –ü—ã–ª–µ—Å–æ—Å –æ—Ç Doyson –¢—Ä–∏‚Ä¶",
https://krisha-photos.kcdn.online/webp/8a/8a20675c-70b6-4038-bb1a-46fd6091bbf8/1-400x300.jpg,1-–∫–æ–º–Ω–∞—Ç–Ω–∞—è –∫–≤–∞—Ä—Ç–∏—Ä–∞ ¬∑ 57 –º¬≤ ¬∑ 4/17 —ç—Ç–∞–∂ ¬∑ –ø–æ–º–µ—Å—è—á–Ω–æ,285 000 „Äí,"–ë–æ—Å—Ç–∞–Ω–¥—ã–∫—Å–∫–∏–π —Ä-–Ω, –ê–π–º–∞–Ω–æ–≤–∞ 140","–∂–∏–ª. –∫–æ–º–ø–ª–µ–∫—Å –ê—Ä–∞–π, –º–µ–±–ª–∏—Ä–æ–≤–∞–Ω–∞ –ø–æ–ª–Ω–æ—Å—Ç—å—é, –°–¥–∞—ë—Ç—Å—è –æ–¥–Ω–æ–∫–æ–º–Ω–∞—Ç–Ω–∞—è –∫–≤–∞—Ä—Ç–∏—Ä–∞, –ø—Ä–æ—Å—Ç–æ—Ä–Ω–∞—è –∫—É—Ö–Ω—è-—Å—Ç—É–¥–∏—è. –° –±–æ–ª—å—à–∏–º —Å–≤–µ—Ç–ª—ã–º –æ—Ç–∞–ø–ª–∏–≤–∞–µ–º—ã–º –±–∞–ª–∫–æ–Ω–æ–º, –∫–æ—Ç–æ—Ä—ã–π –º–æ–∂–Ω–æ –∏—Å–ø–æ–ª—å–∑–æ–≤–∞—Ç—å –∫–∞–∫ –∫–∞–±–∏–Ω–µ—Ç –≤ –Ω–∞—à–µ –æ–Ω –ª–∞–π–Ω –≤—Ä–µ–º—è. –í—Å—Ç—Ä–æ–µ–Ω–Ω—ã–π –≥–∞—Ä–¥–µ—Ä–æ–±. –í—Å—è —Ç–µ—Ö–Ω–∏–∫–∞ –¥–æ–±—Ä–æ—Ç–Ω–∞—è –∏ –Ω–æ–≤–∞—è. –ö–≤–∞—Ä—Ç–∏—Ä–∞ –ß–∏—Å—Ç–∞—è. –í –≤–∞–Ω–Ω–æ–π –∫–æ–º–Ω–∞—Ç–µ —Ç—ë–ø–ª—ã–µ –ø–æ–ª—ã‚Ä¶",
https://krisha-photos.kcdn.online/webp/68/68364342-373f-4e40-b2e9-9c360415978a/12-400x300.jpg,1-–∫–æ–º–Ω–∞—Ç–Ω–∞—è –∫–≤–∞—Ä—Ç–∏—Ä–∞ ¬∑ 38 –º¬≤ ¬∑ 2/5 —ç—Ç–∞–∂ ¬∑ –ø–æ–º–µ—Å—è—á–Ω–æ,200 000 „Äí,"–ë–æ—Å—Ç–∞–Ω–¥—ã–∫—Å–∫–∏–π —Ä-–Ω, –ñ–∞–Ω–¥–æ—Å–æ–≤–∞ 21 ‚Äî –ñ–∞—Ä–æ–∫–æ–≤–∞   –ñ–∞–Ω–¥–æ—Å–æ–≤–∞","–º–µ–±–ª–∏—Ä–æ–≤–∞–Ω–∞ —á–∞—Å—Ç–∏—á–Ω–æ, –°–¥–∞–º —É—é—Ç–Ω—É—é –∫–≤–∞—Ä—Ç–∏—Ä—É, –≤ –æ—Ç–ª–∏—á–Ω–æ–º —Ä–∞–π–æ–Ω–µ –≥–æ—Ä–æ–¥–∞, –≤ –∫–∏—Ä–ø–∏—á–Ω–æ–º –¥–æ–º–µ, (—Å–æ–≤–µ—Ç—Å–∫–æ–π –ø–æ—Å—Ç—Ä–æ–π–∫–∏), –Ω–∞ –¥–æ–ª–≥–∏–π —Å—Ä–æ–∫ –∏–ª–∏ –¥–æ —Å–µ–Ω—Ç—è–±—Ä—è, —Å–µ–º–µ–π–Ω–æ–π –ø–∞—Ä–µ —Å –æ–¥–Ω–∏–º –≤–∑—Ä–æ—Å–ª—ã–º (–æ—Ç 7 –ª–µ—Ç –∏ —Å—Ç–∞—Ä—à–µ) —Ä–µ–±–µ–Ω–∫–æ–º –∏–ª–∏ –¥–≤—É–º –≤–∑—Ä–æ—Å–ª—ã–º –ª—é–¥—è–º, –∂–µ–ª–∞—Ç–µ–ª—å–Ω–æ –±–µ–∑ –∂–∏–≤–æ—Ç–Ω—ã—Ö, (–º–æ–∂–Ω–æ –∫–æ—à–∫—É, –Ω–æ –Ω–µ —Å–æ–±–∞–∫—É). –í –∫–≤–∞—Ä—Ç–∏—Ä–µ –µ—Å—Ç‚Ä¶",
https://krisha-photos.kcdn.online/webp/5d/5dd2c3f5-9c43-4c6c-8334-29df567faa74/1-400x300.jpg,2-–∫–æ–º–Ω–∞—Ç–Ω–∞—è –∫–≤–∞—Ä—Ç–∏—Ä–∞ ¬∑ 50 –º¬≤ ¬∑ 2/5 —ç—Ç–∞–∂ ¬∑ –ø–æ–º–µ—Å—è—á–Ω–æ,280 000 „Äí,"–ñ–µ—Ç—ã—Å—É—Å–∫–∏–π —Ä-–Ω, –º–∫—Ä –ö—É–ª–∞–≥–µ—Ä, –°–µ—Ä–∏–∫–æ–≤–∞ 15","–º–µ–±–ª–∏—Ä–æ–≤–∞–Ω–∞ –ø–æ–ª–Ω–æ—Å—Ç—å—é, –¢–µ–ø–ª–∞—è —É—é—Ç–Ω–∞—è –∫–≤–∞—Ä—Ç–∏—Ä–∞, —Å–æ —Å–≤–µ–∂–∏–º —Ä–µ–º–æ–Ω—Ç–æ–º –∏ –Ω–æ–≤–æ–π –º–µ–±–µ–ª—å—é, –≤—Å–µ —É–¥–æ–±—Å—Ç–≤–∞, –±—ã—Ç–æ–≤–∞—è —Ç–µ—Ö–Ω–∏–∫–∞, –¥–∏–≤–∞–Ω —Ä–∞—Å–∫–ª–∞–¥–Ω–æ–π, –¥–≤—É—Ö—Å–ø–∞–ª—å–Ω–∞—è –∫—Ä–æ–≤–∞—Ç—å. –†—è–¥–æ–º –Ω–∞—Ö–æ–¥—è—Ç—Å—è –¥–µ—Ç—Å–∫–∏–µ —Å–∞–¥—ã, —à–∫–æ–ª—ã, –¶–û–ù, —Å—É–ø–µ—Ä–º–∞—Ä–∫–µ—Ç—ã, —Å–∞–ª–æ–Ω—ã –∫—Ä–∞—Å–æ—Ç—ã, –æ—Å—Ç–∞–Ω–æ–≤–∫–∏ –æ–±—â–µ—Å—Ç–≤–µ–Ω–Ω–æ–≥–æ —Ç—Ä–∞–Ω—Å–ø–æ—Ä—Ç–∞. 280000 + –∫–≤–∞—Ä—Ç–ø–ª–∞—Ç–∞",
https://krisha-photos.kcdn.online/webp/a0/a007ccee-8b06-46b5-b8d8-91cf0c3d31c2/1-400x300.jpg,1-–∫–æ–º–Ω–∞—Ç–Ω–∞—è –∫–≤–∞—Ä—Ç–∏—Ä–∞ ¬∑ 20 –º¬≤ ¬∑ 1/13 —ç—Ç–∞–∂ ¬∑ –ø–æ–º–µ—Å—è—á–Ω–æ,190 000 „Äí,"–ñ–µ—Ç—ã—Å—É—Å–∫–∏–π —Ä-–Ω, –ü—Ä–æ—Å–ø. –ù–∞–∑–∞—Ä–±–∞–µ–≤–∞ 28–∞/–∫1 ‚Äî –†–∞–π—ã–º–±–µ–∫–∞ –ù–∞–∑–∞—Ä–±–∞–µ–≤–∞, —Å—Ç–∞–Ω—Ü–∏—è –º–µ—Ç—Ä–æ –†–∞–π—ã–º–±–µ–∫","–∂–∏–ª. –∫–æ–º–ø–ª–µ–∫—Å RAIYMBEK, –º–µ–±–ª–∏—Ä–æ–≤–∞–Ω–∞ –ø–æ–ª–Ω–æ—Å—Ç—å—é, –ö–≤–∞—Ä—Ç–∏—Ä–∞ –¥–ª—è –æ–¥–Ω–æ–≥–æ —á–µ–ª–æ–≤–µ–∫–∞, —Å—Ç—É–¥–µ–Ω—Ç–æ–≤ –ø–∞—Ä–Ω–µ–π –ø—Ä–æ—Å—å–±–∞ –Ω–µ –±–µ—Å–ø–æ–∫–æ–∏—Ç—å. –î–æ–≥–æ–≤–æ—Ä –∑–∞–∫–ª—é—á–∞–µ—Ç—Å—è –Ω–∞ –≥–æ–¥ –∏–ª–∏ –¥–æ –∞–≤–≥—É—Å—Ç–∞ (08.2025), –¥–µ–ø–æ–∑–∏—Ç - 100 000—Ç–≥",
https://krisha-photos.kcdn.online/webp/be/be126891-a16d-4148-8ed2-3e3035ffa8fb/2-400x300.jpg,3-–∫–æ–º–Ω–∞—Ç–Ω–∞—è –∫–≤–∞—Ä—Ç–∏—Ä–∞ ¬∑ 65 –º¬≤ ¬∑ 6/10 —ç—Ç–∞–∂ ¬∑ –ø–æ–º–µ—Å—è—á–Ω–æ,480 000 „Äí,"–ë–æ—Å—Ç–∞–Ω–¥—ã–∫—Å–∫–∏–π —Ä-–Ω, 218 218","–∂–∏–ª. –∫–æ–º–ø–ª–µ–∫—Å Galileo Terrace, –º–µ–±–ª–∏—Ä–æ–≤–∞–Ω–∞ –ø–æ–ª–Ω–æ—Å—Ç—å—é, –ï—Å—Ç—å –¥–µ–ø–æ–∑–∏—Ç 200 000 —Ç–≥ —è —Å–∞–º —Ö–æ–∑—è–∏–Ω, –æ—Å–≤–æ–±–æ–¥–∏—Ç—Å—è –≤ –∞–ø—Ä–µ–ª–µ",
https://krisha-photos.kcdn.online/webp/44/4415982a-2511-4b5c-bcfc-00728cb95238/34-400x300.jpg,3-–∫–æ–º–Ω–∞—Ç–Ω–∞—è –∫–≤–∞—Ä—Ç–∏—Ä–∞ ¬∑ 75 –º¬≤ ¬∑ 14/22 —ç—Ç–∞–∂ ¬∑ –ø–æ–º–µ—Å—è—á–Ω–æ,660 000 „Äí,"–ë–æ—Å—Ç–∞–Ω–¥—ã–∫—Å–∫–∏–π —Ä-–Ω, –ê–ª—å-—Ñ–∞—Ä–∞–±–∏ 11 ‚Äî –ù–∞–∑–∞—Ä–±–∞–µ–≤–∞","–∂–∏–ª. –∫–æ–º–ø–ª–µ–∫—Å Orion 1, –º–µ–±–ª–∏—Ä–æ–≤–∞–Ω–∞ –ø–æ–ª–Ω–æ—Å—Ç—å—é, –°–¥–∞–µ—Ç—Å—è —É—é—Ç–Ω–∞—è, —Å–≤–µ—Ç–ª–∞—è 3-—Ö –∫–æ–º–Ω–∞—Ç–Ω–∞—è –∫–≤–∞—Ä—Ç–∏—Ä–∞ –≤ –ñ–ö —ç–ª–∏—Ç-–∫–ª–∞—Å—Å–∞ Orion! –ö–≤–∞—Ä—Ç–∏—Ä–∞ –æ—Å–Ω–∞—â–µ–Ω–∞ –≤—Å–µ–π –Ω–µ–æ–±—Ö–æ–¥–∏–º–æ–π –¥–ª—è –∫–æ–º—Ñ–æ—Ä—Ç–Ω–æ–≥–æ –ø—Ä–æ–∂–∏–≤–∞–Ω–∏—è –º–µ–±–µ–ª—å—é –∏ —Ç–µ—Ö–Ω–∏–∫–æ–π. –ë–æ–ª—å—à–æ–µ –∫–æ–ª–∏—á–µ—Å—Ç–≤–æ –º–µ—Å—Ç –¥–ª—è —Ö—Ä–∞–Ω–µ–Ω–∏—è, –¥–≤–∞ –ø–æ–ª–Ω–æ—Ü–µ–Ω–Ω—ã—Ö —Å–∞–Ω—É–∑–ª–∞, –¥–≤–µ –∏–∑–æ–ª–∏—Ä–æ–≤–∞–Ω–Ω—ã–µ —Å–ø–∞–ª—å–Ω—ã–µ –∫–æ–º–Ω‚Ä¶",
https://krisha-photos.kcdn.online/webp/a1/a1475d8e-03f4-4550-a3d7-54cb081956e0/1-400x300.jpg,3-–∫–æ–º–Ω–∞—Ç–Ω–∞—è –∫–≤–∞—Ä—Ç–∏—Ä–∞ ¬∑ 66 –º¬≤ ¬∑ 3/5 —ç—Ç–∞–∂ ¬∑ –ø–æ–º–µ—Å—è—á–Ω–æ,400 000 „Äí,"–ë–æ—Å—Ç–∞–Ω–¥—ã–∫—Å–∫–∏–π —Ä-–Ω, –º–∫—Ä –û—Ä–±–∏—Ç–∞-1 32","–º–µ–±–ª–∏—Ä–æ–≤–∞–Ω–∞ –ø–æ–ª–Ω–æ—Å—Ç—å—é, –®–∏–∫–∞—Ä–Ω–∞—è —Ç—Ä—ë—Ö–∫–æ–º–Ω–∞—Ç–Ω–∞—è –∫–≤–∞—Ä—Ç–∏—Ä–∞ –ø–æ—Å–ª–µ –∫–∞–ø–∏—Ç–∞–ª—å–Ω–æ–≥–æ —Ä–µ–º–æ–Ω—Ç–∞. —Å–¥–∞–µ—Ç—Å—è –≤ –ø–µ—Ä–≤—ã–µ. –ì–æ—Ç–æ–≤–∞ –∫ –∑–∞—Å–µ–ª–µ–Ω–∏—é. –ò–Ω—Ñ—Ä–∞—Å—Ç—Ä—É–∫—Ç—É—Ä–∞ –¥–∞–Ω–Ω–æ–≥–æ —Ä–∞–π–æ–Ω–∞ —Ä–∞–∑–≤–∏—Ç–∞ –Ω–∞ 100% –≤—Å–µ –≤ —à–∞–≥–æ–≤–æ–π –¥–æ—Å—Ç—É–ø–Ω–æ—Å—Ç–∏",
https://krisha-photos.kcdn.online/webp/88/880ac3a1-9b37-4c91-9802-567422d3d4e2/11-400x300.jpg,1-–∫–æ–º–Ω–∞—Ç–Ω–∞—è –∫–≤–∞—Ä—Ç–∏—Ä–∞ ¬∑ 45 –º¬≤ ¬∑ 3/5 —ç—Ç–∞–∂ ¬∑ –ø–æ–º–µ—Å—è—á–Ω–æ,180 000 „Äí,"–ê–ª–∞—Ç–∞—É—Å–∫–∏–π —Ä-–Ω, –º–∫—Ä –°–∞—è–ª—ã 130","–º–µ–±–ª–∏—Ä–æ–≤–∞–Ω–∞ –ø–æ–ª–Ω–æ—Å—Ç—å—é, –°–¥–∞–º —É—é—Ç–Ω—É—é –∫–≤–∞—Ä—Ç–∏—Ä—É, —á–∏—Å—Ç–æ–ø–ª–æ—Ç–Ω—ã–º –ª—é–¥—è–º ‚ö†Ô∏è –∫–≤–∞—Ä—Ç–∏—Ä–∞ —Ç–µ–ø–ª–∞—è, –∫–æ–º—Ñ–æ—Ä—Ç–Ω–∞—è. —Ä—è–¥–æ–º –µ—Å—Ç—å 2 —à–∫–æ–ª—ã, –¥–µ—Ç—Å–∫–∏–µ —Å–∞–¥—ã, –∞–ø—Ç–µ–∫–∏, —Ä–∞–∑–Ω—ã–µ –º–∞–≥–∞–∑–∏–Ω—ã",
https://krisha-photos.kcdn.online/webp/18/18f1e48b-c924-4d8d-a1e5-498a0a3b71cc/1-400x300.jpg,4-–∫–æ–º–Ω–∞—Ç–Ω–∞—è –∫–≤–∞—Ä—Ç–∏—Ä–∞ ¬∑ 150 –º¬≤ ¬∑ –ø–æ–º–µ—Å—è—á–Ω–æ,350 000 „Äí,"–ù–∞—É—Ä—ã–∑–±–∞–π—Å–∫–∏–π —Ä-–Ω, –º–∫—Ä –¢–∞—É–∂–æ–ª—ã 93","–º–µ–±–ª–∏—Ä–æ–≤–∞–Ω–∞ —á–∞—Å—Ç–∏—á–Ω–æ, *—Å–¥–∞–µ—Ç—Å—è –≤ –∞—Ä–µ–Ω–¥—É —Ç–∞—É–Ω—Ö–∞—É—Å 150 –º¬≤ ‚Äî —É—é—Ç–Ω—ã–π –¥–æ–º –¥–ª—è –≤–∞—à–µ–π —Å–µ–º—å–∏!* –ü—Ä–æ—Å—Ç–æ—Ä–Ω—ã–π —Ç–∞—É–Ω—Ö–∞—É—Å –Ω–∞ –¥–≤–∞ —ç—Ç–∞–∂–∞ –≤ —É–¥–æ–±–Ω–æ–º —Ä–∞–π–æ–Ω–µ. –û—Ç–ª–∏—á–Ω–∞—è –ø–ª–∞–Ω–∏—Ä–æ–≤–∫–∞ –∏ –≤—Å–µ —É—Å–ª–æ–≤–∏—è –¥–ª—è –∫–æ–º—Ñ–æ—Ä—Ç–Ω–æ–≥–æ –ø—Ä–æ–∂–∏–≤–∞–Ω–∏—è! *–•–∞—Ä–∞–∫—Ç–µ—Ä–∏—Å—Ç–∏–∫–∏:* - *–ü–ª–æ—â–∞–¥—å:* 150 –º¬≤ - *–≠—Ç–∞–∂–Ω–æ—Å—Ç—å:* 2 —ç—Ç–∞–∂–∞ - *–ö–æ–º–Ω–∞—Ç—ã:* 4 –∫–æ–º–Ω–∞—Ç—ã - *–°–∞–Ω—É–∑–ª—ã:‚Ä¶",
https://krisha-photos.kcdn.online/webp/46/46e3ae69-a4d6-4771-8009-43323839b522/1-400x300.jpg,3-–∫–æ–º–Ω–∞—Ç–Ω–∞—è –∫–≤–∞—Ä—Ç–∏—Ä–∞ ¬∑ 87 –º¬≤ ¬∑ 16/21 —ç—Ç–∞–∂ ¬∑ –ø–æ–º–µ—Å—è—á–Ω–æ,600 000 „Äí,"–ë–æ—Å—Ç–∞–Ω–¥—ã–∫—Å–∫–∏–π —Ä-–Ω, –ê–ª—å-–§–∞—Ä–∞–±–∏ 21","–∂–∏–ª. –∫–æ–º–ø–ª–µ–∫—Å AFD PLAZA, –º–µ–±–ª–∏—Ä–æ–≤–∞–Ω–∞ –ø–æ–ª–Ω–æ—Å—Ç—å—é, –°–¥–∞–º –∫–≤–∞—Ä—Ç–∏—Ä—É –Ω–∞ –¥–æ–ª–≥–∏–π —Å—Ä–æ–∫ –Ω–∞ –ê–ª—å –§–∞—Ä–∞–±–∏ –°–µ–π—Ñ—É–ª–ª–∏–Ω–∞. –ö–≤–∞—Ä—Ç–∏—Ä–∞ –ø–æ—Å–ª–µ –∫–æ—Å–º–µ—Ç–∏—á–µ—Å–∫–æ–≥–æ —Ä–µ–º–æ–Ω—Ç–∞. –¢–µ–ø–ª–∞—è, —É—é—Ç–Ω–∞—è, –æ–∫–Ω–∞ —Å–º–æ—Ç—Ä—è—Ç –Ω–∞ —Å–µ–≤–µ—Ä –∏ –Ω–∞ –∑–∞–ø–∞–¥, –∏ —Å–æ–ª–Ω–µ—á–Ω–∞—è –∏ —Ç–µ–Ω–µ–≤–∞—è —Å—Ç–æ—Ä–æ–Ω—ã. –î–≤–µ –∫–æ–º–Ω–∞—Ç—ã –∏ –∫—É—Ö–Ω—è —Å—Ç—É–¥–∏—è, –±–æ–ª—å—à–æ–π –±–∞–ª–∫–æ–Ω, –≤—Å—Ç—Ä–æ–µ–Ω–Ω–∞—è –º–µ–±–µ–ª—å –∏ —Ç–µ—Ö–Ω–∏‚Ä¶",
https://krisha-photos.kcdn.online/webp/83/83ff0574-b68a-4803-b25d-8a8948ac7b8c/14-400x300.jpg,3-–∫–æ–º–Ω–∞—Ç–Ω–∞—è –∫–≤–∞—Ä—Ç–∏—Ä–∞ ¬∑ 120 –º¬≤ ¬∑ 17/21 —ç—Ç–∞–∂ ¬∑ –ø–æ–º–µ—Å—è—á–Ω–æ,1 200 000 „Äí,"–ë–æ—Å—Ç–∞–Ω–¥—ã–∫—Å–∫–∏–π —Ä-–Ω, –°–µ–π—Ñ—É–ª–ª–∏–Ω–∞ 574/1 –∫3 ‚Äî –ö–∞—Ä–∞—Ç–∞–µ–≤–∞","–∂–∏–ª. –∫–æ–º–ø–ª–µ–∫—Å Central Avenue, –º–µ–±–ª–∏—Ä–æ–≤–∞–Ω–∞ –ø–æ–ª–Ω–æ—Å—Ç—å—é",
https://krisha-photos.kcdn.online/webp/c6/c6f9b2d5-dc9d-4843-97f8-156769e2b7c5/1-400x300.jpg,2-–∫–æ–º–Ω–∞—Ç–Ω–∞—è –∫–≤–∞—Ä—Ç–∏—Ä–∞ ¬∑ 64 –º¬≤ ¬∑ 3/11 —ç—Ç–∞–∂ ¬∑ –ø–æ–º–µ—Å—è—á–Ω–æ,280 000 „Äí,"–ê—É—ç–∑–æ–≤—Å–∫–∏–π —Ä-–Ω, –º–∫—Ä –ñ–µ—Ç—ã—Å—É-3 64","–º–µ–±–ª–∏—Ä–æ–≤–∞–Ω–∞ –ø–æ–ª–Ω–æ—Å—Ç—å—é, –°–¥–∞–µ—Ç—Å—è —Ç–µ–ø–ª–∞—è –∏ –∫–æ–º—Ñ–æ—Ä—Ç–Ω–∞—è –∫–≤–∞—Ä—Ç–∏—Ä–∞ —Å–æ –≤—Å–µ–º–∏ —É–¥–æ–±—Å—Ç–≤–∞–º–∏. –ü—Ä–µ–∏–º—É—â–µ—Å—Ç–≤–∞: ‚úÖ –û—Ç–ª–∏—á–Ω–æ–µ –º–µ—Å—Ç–æ–ø–æ–ª–æ–∂–µ–Ω–∏–µ: —Ä—è–¥–æ–º —Å—É–ø–µ—Ä–º–∞—Ä–∫–µ—Ç Magnum, —Å—Ç–∞–Ω—Ü–∏—è –º–µ—Ç—Ä–æ ¬´–ë–∞—É—ã—Ä–∂–∞–Ω –ú–æ–º—ã—à—É–ª—ã¬ª, –º–∞–≥–∞–∑–∏–Ω—ã, —Å–∞–ª–æ–Ω—ã –∫—Ä–∞—Å–æ—Ç—ã, –∞–ª–ª–µ—è –¥–ª—è –ø—Ä–æ–≥—É–ª–æ–∫ –∏ –±–æ–ª—å—à–æ–π —Å—Ç–∞–¥–∏–æ–Ω. ‚úÖ —Ä—è–¥–æ–º ‚Ññ141, ‚Ññ117, ‚Ññ126 —à–∫–æ–ª—ã; —Å–∞–¥–∏–∫ –≤ 5 –º–∏–Ω—É—Ç–∞—Ö –æ—Ç‚Ä¶",
https://krisha-photos.kcdn.online/webp/1e/1ed14de4-57af-42ed-a668-39d06840611b/17-400x300.jpg,2-–∫–æ–º–Ω–∞—Ç–Ω–∞—è –∫–≤–∞—Ä—Ç–∏—Ä–∞ ¬∑ 55 –º¬≤ ¬∑ 3/4 —ç—Ç–∞–∂ ¬∑ –ø–æ–º–µ—Å—è—á–Ω–æ,500 000 „Äí,"–ú–µ–¥–µ—É—Å–∫–∏–π —Ä-–Ω, –ö—É–Ω–∞–µ–≤–∞ ‚Äî –ö–∞–∑—ã–±–µ–∫ –±–∏","–º–µ–±–ª–∏—Ä–æ–≤–∞–Ω–∞ –ø–æ–ª–Ω–æ—Å—Ç—å—é, –®–∏–∫–∞—Ä–Ω–∞—è –∫–≤–∞—Ä—Ç–∏—Ä–∞, ""–ó–û–õ–û–¢–û–ô –ö–í–ê–î–†–ê–¢"" –Ω–∞—Ö–æ–¥–∏—Ç—Å—è –≤ —Å–∞–º–æ–º ‚ù§Ô∏è –ê–ª–º–∞—Ç—ã, –≤ —Å—Ç–∏–ª–µ –ª–æ—Ñ—Ç, –ø–æ—Å–ª–µ —Ä–µ–º–æ–Ω—Ç–∞, –¥–≤–æ–π–Ω–∞—è —Å–∏—Å—Ç–µ–º–∞ —Ñ–∏–ª—å—Ç—Ä–∞—Ü–∏–∏ –≤–æ–¥—ã, —É–Ω–∏—Ç–∞–∑ -–±–∏–¥–µ, –¥–≤–∞ –∫–æ–Ω–¥–∏—Ü–∏–æ–Ω–µ—Ä–∞, —Ç—Ä–∏ —Ç–µ–ª–µ–≤–∏–∑–æ—Ä–∞, WI-FI, –∫–æ—Ñ–µ–º–∞—à–∏–Ω–∞ DELONGE, —Å–æ–ª–Ω–µ—á–Ω–∞—è —Å—Ç–æ—Ä–æ–Ω–∞, –®–∞–≥–æ–≤–∞—è –¥–æ—Å—Ç—É–ø–Ω–æ—Å—Ç—å –ü–∞—Ä–∫ 28 –ì–≤–∞—Ä–¥–µ–π—Ü–µ–≤ –ü–∞–Ω—Ñ–∏–ª–æ–≤—Ü‚Ä¶",
https://krisha-photos.kcdn.online/webp/2e/2e494c4f-7a0c-4abf-aae1-34f29084f38d/7-400x300.jpg,3-–∫–æ–º–Ω–∞—Ç–Ω–∞—è –∫–≤–∞—Ä—Ç–∏—Ä–∞ ¬∑ 102 –º¬≤ ¬∑ 3/3 —ç—Ç–∞–∂ ¬∑ –ø–æ–º–µ—Å—è—á–Ω–æ,900 000 „Äí,"–ú–µ–¥–µ—É—Å–∫–∏–π —Ä-–Ω, –ñ–∞–º–∞–∫–∞–µ–≤–∞ ‚Äî –ù–ê –î–û–õ–ì–ò–ô –°–†–û–ö","–∂–∏–ª. –∫–æ–º–ø–ª–µ–∫—Å La Verde, –º–µ–±–ª–∏—Ä–æ–≤–∞–Ω–∞ –ø–æ–ª–Ω–æ—Å—Ç—å—é, –≠–ª–∏—Ç–Ω—ã–π –∫–æ–º–ø–ª–µ–∫—Å –≤ –ø—Ä–µ—Å—Ç–∏–∂–Ω–æ–π –ª–æ–∫–∞—Ü–∏–∏. –î–æ –ê–ª—å-–§–∞—Ä–∞–±–∏ 15 –º–∏–Ω—É—Ç –ù–∞ –¥–æ–ª–≥–∏–π —Å—Ä–æ–∫. –ó–∞–∫—Ä—ã—Ç–∞—è, –æ—Ö—Ä–∞–Ω—è–µ–º–∞—è —Ç–µ—Ä—Ä–∏—Ç–æ—Ä–∏—è —Å –ø–∞—Ä–∫–æ–≤–∫–æ–π. –ü–æ–ª–Ω–æ—Ü–µ–Ω–Ω–∞—è 3-–∫–æ–º–Ω–∞—Ç–Ω–∞—è –∫–≤–∞—Ä—Ç–∏—Ä–∞. –î–ª—è –∫—É—Ä—è—â–∏—Ö –ø—Ä–µ–¥—É—Å–º–æ—Ç—Ä–µ–Ω –±–∞–ª–∫–æ–Ω. 2 —Å–∞–Ω—É–∑–ª–∞ —Å –¥—É—à–µ–≤–æ–π –∏ –≤–∞–Ω–Ω–æ–π. –ì–∞—Ä–¥–µ—Ä–æ–±–Ω–∞—è. –ï—Å—Ç—å –≤—Å–µ –Ω–µ–æ–±—Ö–æ–¥‚Ä¶",
https://krisha-photos.kcdn.online/webp/d2/d23ef863-0442-4d88-baba-acac7033fb37/1-400x300.jpg,1-–∫–æ–º–Ω–∞—Ç–Ω–∞—è –∫–≤–∞—Ä—Ç–∏—Ä–∞ ¬∑ 20 –º¬≤ ¬∑ 5/5 —ç—Ç–∞–∂ ¬∑ –ø–æ–º–µ—Å—è—á–Ω–æ,120 000 „Äí,"–ê–ª–º–∞–ª–∏–Ω—Å–∫–∏–π —Ä-–Ω, –ê–±–∞—è, —É–≥.—É–ª –ò—Å–ª–∞–º–∞-–ö–∞—Ä–∏–º–∞ 198 ‚Äî –ê–±–∞—è —É–≥.—É–ª –ò—Å–ª–∞–º–∞-–ö–∞—Ä–∏–º–∞","–º–µ–±–ª–∏—Ä–æ–≤–∞–Ω–∞ –ø–æ–ª–Ω–æ—Å—Ç—å—é, –°–¥–∞–º –≤ –∞—Ä–µ–Ω–¥—É –∫–≤–∞—Ä—Ç–∏—Ä—É –≤ –ø—Ä–∏–≤–∞—Ç–∏–∑–∏—Ä–æ–≤–∞–Ω–æ–º –æ–±—â–µ–∂–∏—Ç–∏–∏. 1 - –∂–∏–ª–∞—è –∫–æ–º–Ω–∞—Ç–∞, 1 - –≤–∞–Ω–Ω–∞—è –∫–æ–º–Ω–∞—Ç–∞ + –∫–ª–∞–¥–æ–≤–∞—è –∫–æ–º–Ω–∞—Ç–∞. –ú–µ–±–µ–ª—å, –±—ã—Ç–æ–≤—ã–µ –ø—Ä–∏–±–æ—Ä—ã –µ—Å—Ç—å. –ß–∏—Å—Ç–∞—è, —É–¥–æ–±–Ω–æ–µ —Ä–∞—Å–ø–æ–ª–æ–∂–µ–Ω–∏–µ —Ä—è–¥–æ–º —Å –∫—Ä—É–ø–Ω—ã–º –ø—Ä–æ—Å–ø–µ–∫—Ç–æ–º, –æ–±—â–µ—Å—Ç–≤–µ–Ω–Ω—ã–π —Ç—Ä–∞–Ω—Å–ø–æ—Ä—Ç –≤ –∏–∑–±—ã—Ç–∫–µ. –ö–∞–Ω–¥–∏–¥–∞—Ç—ã —Å—Ä–µ–¥–Ω–∏—Ö –ª–µ—Ç, —Å–æ —Å—Ç–∞–±–∏–ª—å–Ω–æ–π —Ä–∞–±‚Ä¶",
https://krisha-photos.kcdn.online/webp/b1/b1db385a-d513-4cad-b79b-ea9634e018fb/8-400x300.jpg,3-–∫–æ–º–Ω–∞—Ç–Ω–∞—è –∫–≤–∞—Ä—Ç–∏—Ä–∞ ¬∑ 60 –º¬≤ ¬∑ 9/21 —ç—Ç–∞–∂ ¬∑ –ø–æ–º–µ—Å—è—á–Ω–æ,600 000 „Äí,"–ë–æ—Å—Ç–∞–Ω–¥—ã–∫—Å–∫–∏–π —Ä-–Ω, –ê–ª—å-–§–∞—Ä–∞–±–∏ 27/2 ‚Äî –°–µ–π—Ñ—É–ª–ª–∏–Ω–∞","–∂–∏–ª. –∫–æ–º–ø–ª–µ–∫—Å AL‚ÄôFARABI 27, –º–µ–±–ª–∏—Ä–æ–≤–∞–Ω–∞ –ø–æ–ª–Ω–æ—Å—Ç—å—é, *–°–¥–∞—ë—Ç—Å—è —ç–ª–∏—Ç–Ω–∞—è –∫–≤–∞—Ä—Ç–∏—Ä–∞ –≤ –ñ–ö ""–ê–ª—å-–§–∞—Ä–∞–±–∏ 27"" (–±–∏–∑–Ω–µ—Å-–∫–ª–∞—Å—Å) * üîπ *–ù–æ–≤–∞—è –∫–≤–∞—Ä—Ç–∏—Ä–∞* ‚Äì –µ—â—ë –Ω–∏–∫—Ç–æ –Ω–µ –∂–∏–ª, –ø–µ—Ä–≤–∞—è —Å–¥–∞—á–∞! üîπ *–î–æ—Ä–æ–≥–æ–π –∫–∞—á–µ—Å—Ç–≤–µ–Ω–Ω—ã–π —Ä–µ–º–æ–Ω—Ç* ‚Äì –ø—Ä–µ–º–∏–∞–ª—å–Ω—ã–µ –º–∞—Ç–µ—Ä–∏–∞–ª—ã, —Å–æ–≤—Ä–µ–º–µ–Ω–Ω—ã–π –¥–∏–∑–∞–π–Ω. üîπ *–û—Ç–ª–∏—á–Ω–∞—è –æ—Ö—Ä–∞–Ω–∞ –∏ –∏–Ω—Ñ—Ä–∞—Å—Ç—Ä—É–∫—Ç—É—Ä–∞* ‚Äì –±–µ–∑–æ–ø–∞—Å–Ω–æ‚Ä¶",
https://krisha-photos.kcdn.online/webp/04/04898b6b-a171-45bd-a47f-34e77ff5b8b9/1-400x300.jpg,1-–∫–æ–º–Ω–∞—Ç–Ω–∞—è –∫–≤–∞—Ä—Ç–∏—Ä–∞ ¬∑ 34 –º¬≤ ¬∑ 4/4 —ç—Ç–∞–∂ ¬∑ –ø–æ–º–µ—Å—è—á–Ω–æ,240 000 „Äí,"–ë–æ—Å—Ç–∞–Ω–¥—ã–∫—Å–∫–∏–π —Ä-–Ω, –º–∫—Ä –ö–æ–∫—Ç–µ–º-1 21 ‚Äî –†.–í–µ—Å–Ω–æ–≤–∫–∞","–º–µ–±–ª–∏—Ä–æ–≤–∞–Ω–∞ –ø–æ–ª–Ω–æ—Å—Ç—å—é, –°–¥–∞—é –æ–¥–Ω–æ–∫–æ–º–Ω–∞—Ç–Ω—É—é –∫–≤–∞—Ä—Ç–∏—Ä—É –Ω–∞ –¥–æ–ª–≥–∏–π —Å—Ä–æ–∫ –≤ —Ç–∏—Ö–æ–º –∏ —É—é—Ç–Ω–æ–º –º–∏–∫—Ä–æ—Ä–∞–π–æ–Ω–µ –≥–æ—Ä–æ–¥–∞ –ö–æ–∫—Ç–µ–º 1, –≤—Å–µ –≤ —à–∞–≥–æ–≤–æ–π –¥–æ—Å—Ç—É–ø–Ω–æ—Å—Ç–∏ –ø–æ–ª–∏–∫–ª–∏–Ω–∏–∫–∞, —Å–∞–¥–∏–∫, —à–∫–æ–ª–∞, –∫–∞–∑–ù–£, –ü–û–õ–ò–¢–ï–•, –ê–£–≠–°, –º–∞–≥–Ω—É–º, —Ñ–∏—Ö–ø—Ä–∞–π—Å, –∫–æ–π—Ñ–µ–π–Ω–∏, —Ç—Ä—Ü —Ñ–æ—Ä—É–º, –∞—Ç–∞–∫–µ–Ω—Ç, –≤–¥–æ–ª—å —Ä–µ—á–∫–∞ –≤–µ—Å–Ω–æ–≤–∫–∞ –∏ –ø–∞—Ä–∫ –î–æ—Å—Ç—ã–∫, –ø–æ–ª–Ω–æ—Å—Ç—å—é –º–µ–±–µ–ª–∏—Ä–æ–≤–∞–Ω–Ω–∞, —Å‚Ä¶",
https://krisha-photos.kcdn.online/webp/2d/2d70419d-d4da-49db-9747-646bbb0721d0/14-400x300.jpg,1-–∫–æ–º–Ω–∞—Ç–Ω–∞—è –∫–≤–∞—Ä—Ç–∏—Ä–∞ ¬∑ 30 –º¬≤ ¬∑ 2/3 —ç—Ç–∞–∂ ¬∑ –ø–æ–º–µ—Å—è—á–Ω–æ,70 000 „Äí,"–ñ–µ—Ç—ã—Å—É—Å–∫–∏–π —Ä-–Ω, –¢–æ—Ä–µ—Ç–∞–π ‚Äî –†–∞–∏–º–±–µ–∫–∞ —É–≥ –¢–æ—Ä–µ—Ç–∞–π –≤–æ–∑–ª–µ —Å–µ–π—Ñ—É–ª–∏–Ω–∞","–º–µ–±–ª–∏—Ä–æ–≤–∞–Ω–∞ —á–∞—Å—Ç–∏—á–Ω–æ, –°–¥–∞—é –Ω–∞ —Ä–∞–∏–º–±–µ–∫–∞ —É–≥ –ü–æ–ª–µ–∂–∞–µ–≤–∞ –∫–≤–∞—Ä—Ç–∏—Ä—É –≤ –æ–±—â–µ–∂–∏—Ç–∏–µ –°–∞–Ω—É–∑–µ–ª –¥—É—à —Ç—É–∞–ª–µ—Ç –≤ –∫–æ–º–Ω–∞—Ç–µ –û—á–µ–Ω—å —Ç–µ–ø–ª–æ –Ø —Å–∞–º —Ö–æ–∑—è–∏–Ω –î–µ–ø–æ–∑–∏—Ç –∂–æ–∫",
https://krisha-photos.kcdn.online/webp/fe/fe5e6e98-de69-4c3a-842d-d8b9848bc839/1-400x300.jpg,3-–∫–æ–º–Ω–∞—Ç–Ω–∞—è –∫–≤–∞—Ä—Ç–∏—Ä–∞ ¬∑ 119 –º¬≤ ¬∑ 1/6 —ç—Ç–∞–∂ ¬∑ –ø–æ–º–µ—Å—è—á–Ω–æ,700 000 „Äí,"–ë–æ—Å—Ç–∞–Ω–¥—ã–∫—Å–∫–∏–π —Ä-–Ω, –º–∫—Ä –ï—Ä–º–µ–Ω—Å–∞–π 25/1 ‚Äî —É–ª. 6-–æ–π –ø–µ—Ä–µ—É–ª–æ–∫","–∂–∏–ª. –∫–æ–º–ø–ª–µ–∫—Å Remizovka, –º–µ–±–ª–∏—Ä–æ–≤–∞–Ω–∞ –ø–æ–ª–Ω–æ—Å—Ç—å—é, –£—é—Ç–Ω–∞—è 3-—Ö –∫–æ–º–Ω–∞—Ç–Ω–∞—è –∫–≤–∞—Ä—Ç–∏—Ä–∞ + –ø–∞—Ä–∫–æ–≤–æ—á–Ω–æ–µ –º–µ—Å—Ç–æ, –≤ –∑–∞–º–µ—á–∞—Ç–µ–ª—å–Ω–æ–º –∂–∏–ª–æ–º –∫–æ–º–ø–ª–µ–∫—Å–µ REMIZOVKA, —Å –∑–∞–∫—Ä—ã—Ç—ã–º –∏ –æ—á–µ–Ω—å –∫—Ä–∞—Å–∏–≤—ã–º –¥–≤–æ—Ä–æ–º. –í –∫–≤–∞—Ä—Ç–∏—Ä–µ —Ö–æ—Ä–æ—à–∞—è, –¥–æ–±—Ä–∞—è, —Å–≤–µ—Ç–ª–∞—è –∞—É—Ä–∞. –ó–∏–º–æ–π –≤ –∫–≤–∞—Ä—Ç–∏—Ä–µ –æ—á–µ–Ω—å —Ç–µ–ø–ª–æ, –ª–µ—Ç–æ–º –∫–æ–º—Ñ–æ—Ä—Ç–Ω–æ –ø—Ä–æ—Ö–ª–∞–¥–Ω–æ. –ö–≤–∞—Ä—Ç–∏—Ä–∞ –ø–æ–ª–Ω‚Ä¶",
https://krisha-photos.kcdn.online/webp/26/26e90fb2-3642-4bc6-a03e-d4b088a06291/13-400x300.jpg,1-–∫–æ–º–Ω–∞—Ç–Ω–∞—è –∫–≤–∞—Ä—Ç–∏—Ä–∞ ¬∑ 45 –º¬≤ ¬∑ 2/5 —ç—Ç–∞–∂ ¬∑ –ø–æ–º–µ—Å—è—á–Ω–æ,300 000 „Äí,"–ê–ª–º–∞–ª–∏–Ω—Å–∫–∏–π —Ä-–Ω, –ü–∞–Ω—Ñ–∏–ª–æ–≤–∞ ‚Äî –ú–∞–∫–∞—Ç–∞–µ–≤–∞","–º–µ–±–ª–∏—Ä–æ–≤–∞–Ω–∞ –ø–æ–ª–Ω–æ—Å—Ç—å—é, –°–¥–∞–µ—Ç—Å—è 1-–∫–æ–º–Ω–∞—Ç–Ω–∞—è –∫–≤–∞—Ä—Ç–∏—Ä–∞ –Ω–∞ –¥–ª–∏—Ç–µ–ª—å–Ω—ã–π —Å—Ä–æ–∫ –≤ —Ü–µ–Ω—Ç—Ä–µ - –∞—Ä–µ–Ω–¥–∞+–∫–≤–∞—Ä—Ç–ø–ª–∞—Ç–∞ - —É–¥–æ–±–Ω–æ–µ —Ä–∞—Å–ø–æ–ª–æ–∂–µ–Ω–∏–µ, —Å –∞–∫–∫—É—Ä–∞—Ç–Ω—ã–º –∏ —á–∏—Å—Ç—ã–º —Ä–µ–º–æ–Ω—Ç–æ–º, —É—é—Ç–Ω–∞—è, –≤ –∫–∏—Ä–ø–∏—á–Ω–æ–º –¥–æ–º–µ, –æ—Å–Ω–∞—â–µ–Ω–∞ –≤—Å–µ–º –Ω–µ–æ–±—Ö–æ–¥–∏–º—ã–º –¥–ª—è –∫–æ–º—Ñ–æ—Ä—Ç–Ω–æ–≥–æ –ø—Ä–æ–∂–∏–≤–∞–Ω–∏—è, –¢–í+–∏–Ω—Ç–µ—Ä–Ω–µ—Ç, –ø–ª–∞—Å—Ç–∏–∫–æ–≤—ã–µ –æ–∫–Ω–∞, –±–∞–ª–∫–æ–Ω –∑–∞—Å—Ç–µ–∫–ª–µ–Ω. –í –∫–≤–∞—Ä—Ç–∏—Ä–µ‚Ä¶",
https://krisha-photos.kcdn.online/webp/16/16782dd4-4545-4e73-93b7-ab1492da90c0/1-400x300.jpg,2-–∫–æ–º–Ω–∞—Ç–Ω–∞—è –∫–≤–∞—Ä—Ç–∏—Ä–∞ ¬∑ 83.5 –º¬≤ ¬∑ 6/16 —ç—Ç–∞–∂ ¬∑ –ø–æ–º–µ—Å—è—á–Ω–æ,400 000 „Äí,"–ë–æ—Å—Ç–∞–Ω–¥—ã–∫—Å–∫–∏–π —Ä-–Ω, –°–∞—Ç–ø–∞–µ–≤–∞ 9–±","–∂–∏–ª. –∫–æ–º–ø–ª–µ–∫—Å –ê–ª—Ç—ã–Ω –ó–∞–º–∞–Ω, –º–µ–±–ª–∏—Ä–æ–≤–∞–Ω–∞ –ø–æ–ª–Ω–æ—Å—Ç—å—é, * –ê—Ä–µ–Ω–¥–∞ –Ω–∞ –¥–ª–∏—Ç–µ–ª—å–Ω—ã–π –ø–µ—Ä–∏–æ–¥ (–æ—Ç 1 –≥–æ–¥–∞). * –°—É–±–∞—Ä–µ–Ω–¥–∞ –Ω–µ —Ä–∞—Å—Å–º–∞—Ç—Ä–∏–≤–∞–µ—Ç—Å—è. * –ö–æ–º–º—É–Ω–∞–ª—å–Ω—ã–µ —Ä–∞—Å—Ö–æ–¥—ã –Ω–µ –≤—Ö–æ–¥—è—Ç –≤ —Å—Ç–æ–∏–º–æ—Å—Ç—å –∞—Ä–µ–Ω–¥—ã –∏ –æ–ø–ª–∞—á–∏–≤–∞—é—Ç—Å—è –æ—Ç–¥–µ–ª—å–Ω–æ. * –ü–æ—Ç–æ–ª–∫–∏, —Å—Ç–µ–Ω—ã –∏ –¥–≤–µ—Ä–∏ –ø–æ–±–µ–ª–µ–Ω—ã/–ø–æ–∫—Ä–∞—à–µ–Ω—ã –ø–µ—Ä–µ–¥ —Å–¥–∞—á–µ–π –≤ –∞—Ä–µ–Ω–¥—É. * –í–æ–∑–≤—Ä–∞—Ç–Ω—ã–π –≥–∞—Ä–∞–Ω—Ç–∏–π–Ω—ã–π –¥–µ–ø–æ‚Ä¶",
https://krisha-photos.kcdn.online/webp/30/3073e516-bf87-45ae-a999-d81bb1e70a32/1-400x300.jpg,2-–∫–æ–º–Ω–∞—Ç–Ω–∞—è –∫–≤–∞—Ä—Ç–∏—Ä–∞ ¬∑ 70 –º¬≤ ¬∑ 10/10 —ç—Ç–∞–∂ ¬∑ –ø–æ–º–µ—Å—è—á–Ω–æ,200 000 „Äí,"–ê–ª–∞—Ç–∞—É—Å–∫–∏–π —Ä-–Ω, –º–∫—Ä –ê–∫–±—É–ª–∞–∫ 123 ‚Äî –ù–∞–ø—Ä–æ—Ç–∏–≤ –ú–∞–≥–Ω—É–º–∞","–º–µ–±–ª–∏—Ä–æ–≤–∞–Ω–∞ –ø–æ–ª–Ω–æ—Å—Ç—å—é, –î–ï–ü–û–ó–ò–¢ –ö–≤–∞—Ä—Ç–∏—Ä–∞ –Ω–∞—Ö–æ–¥–∏—Ç—Å—è –Ω–∞–ø—Ä–æ—Ç–∏–≤ –º–∞–≥–∞–∑–∏–Ω–∞ –ú–∞–≥–Ω—É–º, —à–∫–æ–ª–∞, –¥–µ—Ç—Å–∫–∏–π —Å–∞–¥, –ø–æ —É–ª. –ë–∞—É—Ä–∂–∞–Ω –ú–æ–º—ã—à—É–ª—ã",
https://krisha-photos.kcdn.online/webp/bf/bf478a7f-3811-40ce-84d5-d87dfa29714d/14-400x300.jpg,2-–∫–æ–º–Ω–∞—Ç–Ω–∞—è –∫–≤–∞—Ä—Ç–∏—Ä–∞ ¬∑ 55 –º¬≤ ¬∑ 4/12 —ç—Ç–∞–∂ ¬∑ –ø–æ–º–µ—Å—è—á–Ω–æ,255 000 „Äí,"–ê—É—ç–∑–æ–≤—Å–∫–∏–π —Ä-–Ω, –º–∫—Ä ‚Ññ1, –ê–ª—Ç—ã–Ω—Å–∞—Ä–∏–Ω–∞ 68/3","–∂–∏–ª. –∫–æ–º–ø–ª–µ–∫—Å –°–∞—Ä—ã –ê—Ä–∫–∞, –û—Ç —Å–æ–±—Å—Ç–≤–µ–Ω–Ω–∏–∫–∞, —Å —Ä–µ–≥–∏—Å—Ç—Ä–∞—Ü–∏–µ–π –∏–Ω–æ—Å—Ç—Ä–∞–Ω—Ü–µ–≤, —Å –∑–∞–∫–ª—é—á–µ–Ω–∏–µ–º –¥–æ–≥–æ–≤–æ—Ä–∞, –æ—Ñ–∏—Ü–∏–∞–ª—å–Ω–æ –°–¥–∞–¥–∏–º 1-2 —á–µ–ª–æ–≤–µ–∫, –±–µ–∑ –≤—Ä–µ–¥–Ω—ã—Ö –ø—Ä–∏–≤—ã—á–µ–∫, –±–µ–∑ –∂–∏–≤–æ—Ç–Ω—ã—Ö –ï—Å—Ç—å –¥–µ–ø–æ–∑–∏—Ç –ß–∏—Å—Ç–∞—è, —É—é—Ç–Ω–∞—è –∫–≤–∞—Ä—Ç–∏—Ä–∞ –≤ 5 –º–∏–Ω—É—Ç–∞—Ö –±–∞–∑–∞—Ä, –ø–∞—Ä–∫, —Å—Ç–∞–Ω—Ü–∏—è –º–µ—Ç—Ä–æ, —Ç–æ—Ä–≥–æ–≤—ã–µ —Ü–µ–Ω—Ç—Ä—ã, –º–∞–≥–∞–∑–∏–Ω—ã –í –¥–æ–º–µ –∫—Ä—É–≥–ª–æ—Å—É—Ç–æ—á–Ω–∞—è –æ—Ö—Ä–∞–Ω–∞, –∫–∞–º–µ—Ä‚Ä¶",
https://krisha-photos.kcdn.online/webp/75/75bdacba-97d5-435b-a215-647ac97b3fb6/11-400x300.jpg,2-–∫–æ–º–Ω–∞—Ç–Ω–∞—è –∫–≤–∞—Ä—Ç–∏—Ä–∞ ¬∑ 70 –º¬≤ ¬∑ 2/12 —ç—Ç–∞–∂ ¬∑ –ø–æ–º–µ—Å—è—á–Ω–æ,450 000 „Äí,"–ê—É—ç–∑–æ–≤—Å–∫–∏–π —Ä-–Ω, –ú—É—Å—Ç–∞–π –ö–∞—Ä–∏–º–∞ 13–∞","–∂–∏–ª. –∫–æ–º–ø–ª–µ–∫—Å –ë–µ—Ä–µ–∫–µ—Ç, –º–µ–±–ª–∏—Ä–æ–≤–∞–Ω–∞ –ø–æ–ª–Ω–æ—Å—Ç—å—é",
https://krisha-photos.kcdn.online/webp/f3/f38abbc1-a91d-4839-b575-cf4cb3ee70aa/1-400x300.jpg,1-–∫–æ–º–Ω–∞—Ç–Ω–∞—è –∫–≤–∞—Ä—Ç–∏—Ä–∞ ¬∑ 35 –º¬≤ ¬∑ 1/9 —ç—Ç–∞–∂ ¬∑ –ø–æ–º–µ—Å—è—á–Ω–æ,200 000 „Äí,"–ê–ª–∞—Ç–∞—É—Å–∫–∏–π —Ä-–Ω, –º–∫—Ä –ù—É—Ä–∫–µ–Ω—Ç 5/9 ‚Äî –ê–ª–º–∞—Ç—ã–ê—Ä–µ–Ω–∞","–º–µ–±–ª–∏—Ä–æ–≤–∞–Ω–∞ –ø–æ–ª–Ω–æ—Å—Ç—å—é, –•–æ—Ä–æ—à–∏–π —Ç–∏—Ö–∏–π —Ä–∞–π–æ–Ω –≤—Å–µ –≤ —à–∞–≥–æ–≤–æ–π –¥–æ—Å—Ç—É–ø–Ω–æ—Å—Ç–∏",
https://krisha-photos.kcdn.online/webp/f0/f0662918-7008-496d-ba90-7b85a9fb7703/1-400x300.jpg,2-–∫–æ–º–Ω–∞—Ç–Ω–∞—è –∫–≤–∞—Ä—Ç–∏—Ä–∞ ¬∑ 60 –º¬≤ ¬∑ 9/21 —ç—Ç–∞–∂ ¬∑ –ø–æ–º–µ—Å—è—á–Ω–æ,500 000 „Äí,"–ë–æ—Å—Ç–∞–Ω–¥—ã–∫—Å–∫–∏–π —Ä-–Ω, –ê–ª—å-–§–∞—Ä–∞–±–∏ 105 ‚Äî –•–æ–¥–∂–∞–Ω–æ–≤–∞","–∂–∏–ª. –∫–æ–º–ø–ª–µ–∫—Å PRIMAVERA, –º–µ–±–ª–∏—Ä–æ–≤–∞–Ω–∞ –ø–æ–ª–Ω–æ—Å—Ç—å—é, –°–¥–∞—ë—Ç—Å—è –Ω–æ–≤–∞—è, —É—é—Ç–Ω–∞—è –∏ –ø—Ä–∏—è—Ç–Ω–∞—è –∫–≤–∞—Ä—Ç–∏—Ä–∞ –≤ –ñ–ö Primavera ü§© –ö—Ä–∞—Å–∏–≤—ã–π –≤–∏–¥ –Ω–∞ –≥–æ—Ä—ã üèîÔ∏è üî¶–ú–Ω–æ–≥–æ –∫—Ä–∞—Å–∏–≤–æ–≥–æ —Å–≤–µ—Ç–∞ –≤ –∫–≤–∞—Ä—Ç–∏—Ä–µ üëîüëó–µ—Å—Ç—å –∫—Ä–∞—Å–∏–≤—ã–π –≥–∞—Ä–¥–µ—Ä–æ–± –≥–¥–µ –≤—ã —Å–º–æ–∂–µ—Ç–µ –∏–¥–µ–∞–ª—å–Ω–æ –ø–æ–¥–±–∏—Ä–∞—Ç—å —Å–≤–æ–∏ –æ–±—Ä–∞–∑—ã (–≤ –≥–∞—Ä–¥–µ—Ä–æ–±–µ –µ—Å—Ç—å –≤—ã–¥–≤–∏–∂–Ω–∞—è –≥–ª–∞–¥–∏–ª—å–Ω–∞—è –¥–æ—Å–∫–∞) üì¶–ï—Å—Ç—å –∫–ª–∞–¥–æ–≤–∞—è‚Ä¶",
https://krisha-photos.kcdn.online/webp/fe/fe7ed4c5-adf9-4da4-ba51-a263d170cf1a/36-400x300.jpg,3-–∫–æ–º–Ω–∞—Ç–Ω–∞—è –∫–≤–∞—Ä—Ç–∏—Ä–∞ ¬∑ 170 –º¬≤ ¬∑ 9/9 —ç—Ç–∞–∂ ¬∑ –ø–æ–º–µ—Å—è—á–Ω–æ,1 000 000 „Äí,"–ú–µ–¥–µ—É—Å–∫–∏–π —Ä-–Ω, –ë–æ–≥–µ–Ω–±–∞–π –±–∞—Ç—ã—Ä–∞ 81 ‚Äî –ó–µ–Ω–∫–æ–≤–∞","–∂–∏–ª. –∫–æ–º–ø–ª–µ–∫—Å –≠–ª–∏—Ç-1 –Ω–∞ –ó–µ–Ω–∫–æ–≤–∞, –º–µ–±–ª–∏—Ä–æ–≤–∞–Ω–∞ –ø–æ–ª–Ω–æ—Å—Ç—å—é, –°–¥–∞–µ—Ç—Å—è —à–∏–∫–∞—Ä–Ω–∞—è, —Å–≤–µ—Ç–ª–∞—è 3-—Ö –∫–æ–º–Ω–∞—Ç–Ω–∞—è –∫–≤–∞—Ä—Ç–∏—Ä–∞ –≤ –ñ–ö –≠–ª–∏—Ç-1. –ö–≤–∞—Ä—Ç–∏—Ä–∞ –æ—Å–Ω–∞—â–µ–Ω–∞ –≤—Å–µ–π –Ω–µ–æ–±—Ö–æ–¥–∏–º–æ–π –¥–ª—è –∫–æ–º—Ñ–æ—Ä—Ç–Ω–æ–≥–æ –ø—Ä–æ–∂–∏–≤–∞–Ω–∏—è –º–µ–±–µ–ª—å—é –∏ —Ç–µ—Ö–Ω–∏–∫–æ–π. –°–≤–µ—Ç–ª—ã–µ, –ø—Ä–æ—Å—Ç–æ—Ä–Ω—ã–µ –∫–æ–º–Ω–∞—Ç—ã, –∏–∑–æ–ª–∏—Ä–æ–≤–∞–Ω–Ω–∞—è –∫—É—Ö–Ω—è, –¥–≤–µ –ª–æ–¥–∂–∏–∏. –í –¥–≤—É—Ö —Å–ø–∞–ª—å–Ω—è—Ö –∏–º–µ—é—Ç—Å—è –ª–∏—á–Ω—ã–µ —Å–∞–Ω—É–∑‚Ä¶",
https://krisha-photos.kcdn.online/webp/09/09ad93bc-f179-47e3-ad80-5c91ae9ddad6/1-400x300.jpg,1-–∫–æ–º–Ω–∞—Ç–Ω–∞—è –∫–≤–∞—Ä—Ç–∏—Ä–∞ ¬∑ 50 –º¬≤ ¬∑ 14 —ç—Ç–∞–∂ ¬∑ –ø–æ–º–µ—Å—è—á–Ω–æ,370 000 „Äí,"–ë–æ—Å—Ç–∞–Ω–¥—ã–∫—Å–∫–∏–π —Ä-–Ω, –£—Ç–µ–ø–æ–≤–∞ 20 ‚Äî –ù–µ–¥–∞–ª–µ–∫–æ –æ—Ç —Ç—Ä—Ü Mega","–∂–∏–ª. –∫–æ–º–ø–ª–µ–∫—Å Heaven, –º–µ–±–ª–∏—Ä–æ–≤–∞–Ω–∞ –ø–æ–ª–Ω–æ—Å—Ç—å—é, ‚úÖ–§–æ—Ç–æ —Ä–µ–∞–ª—å–Ω—ã–µ, –º–æ–≥—É –æ—Ç–ø—Ä–∞–≤–∏—Ç—å –≤–∏–¥–µ–æ –∫–≤–∞—Ä—Ç–∏—Ä—ã –ø–æ –∑–∞–ø—Ä–æ—Å—É ‚úÖ–ê—Ä–µ–Ω–¥–∞ –Ω–∞–ø—Ä—è–º—É—é —Å —Ö–æ–∑—è–µ–≤–∞–º–∏ –±–µ–∑ —Ä–∏—ç–ª—Ç–æ—Ä—Å–∫–∏—Ö –∫–æ–º–∏—Å—Å–∏–π. üè° –ü—Ä–æ—Å–º–æ—Ç—Ä—ã –¥–µ–ª–∞–µ–º –ø—Ä–∏ —Ä–µ–∞–ª—å–Ω–æ–º –∏–Ω—Ç–µ—Ä–µ—Å–µ. üîë –£–°–õ–û–í–ò–Ø: 1. –î–ª—è 1-2 —á–∏—Å—Ç–æ–ø–ª–æ—Ç–Ω—ã—Ö —á–µ–ª–æ–≤–µ–∫ (–±–µ–∑ –º–∞–ª–µ–Ω—å–∫–∏—Ö –¥–µ—Ç–µ–π –∏ –∂–∏–≤–æ—Ç–Ω—ã—Ö), –∂–∏–ª—å—Ü–æ–≤ –ø—Ä–æ–ø–∏—Å—ã–≤–∞‚Ä¶",
https://krisha-photos.kcdn.online/webp/dd/dd0184a7-ac90-45ba-bd35-d81000db4e8a/7-400x300.jpg,3-–∫–æ–º–Ω–∞—Ç–Ω–∞—è –∫–≤–∞—Ä—Ç–∏—Ä–∞ ¬∑ 100 –º¬≤ ¬∑ 2/10 —ç—Ç–∞–∂ ¬∑ –ø–æ–º–µ—Å—è—á–Ω–æ,400 000 „Äí,"–ë–æ—Å—Ç–∞–Ω–¥—ã–∫—Å–∫–∏–π —Ä-–Ω, –ù–∞—É—Ä—ã–∑–±–∞–π –ë–∞—Ç—ã—Ä–∞ 127 ‚Äî –°–∞—Ç–ø–∞–µ–≤–∞","–∂–∏–ª. –∫–æ–º–ø–ª–µ–∫—Å Ortau, –º–µ–±–ª–∏—Ä–æ–≤–∞–Ω–∞ –ø–æ–ª–Ω–æ—Å—Ç—å—é, –°–¥–∞–µ—Ç—Å—è –∫–≤–∞—Ä—Ç–∏—Ä–∞ –≤ —Ü–µ–Ω—Ç—Ä–µ –≥–æ—Ä–æ–¥–∞, –≤—Å–µ –≤ —à–∞–≥–æ–≤–æ–π –¥–æ—Å—Ç—É–ø–Ω–æ—Å—Ç–∏, –ñ–ö –ë–∏–∑–Ω–µ—Å –∫–ª–∞—Å—Å–∞!",
https://krisha-photos.kcdn.online/webp/98/98823501-d5ef-4816-88ad-24b3f9167df9/3-400x300.jpg,1-–∫–æ–º–Ω–∞—Ç–Ω–∞—è –∫–≤–∞—Ä—Ç–∏—Ä–∞ ¬∑ 35 –º¬≤ ¬∑ 1/5 —ç—Ç–∞–∂ ¬∑ –ø–æ–º–µ—Å—è—á–Ω–æ,240 000 „Äí,"–ê–ª–º–∞–ª–∏–Ω—Å–∫–∏–π —Ä-–Ω, –ú–∞–≥–∞–∑–∞ –º–∞—Å–∞–Ω—á–∏ 5 ‚Äî –¢—Ä—Ü –ú–µ–≥–∞","–º–µ–±–ª–∏—Ä–æ–≤–∞–Ω–∞ –ø–æ–ª–Ω–æ—Å—Ç—å—é, –°–¥–∞—ë—Ç—Å—è –∫–≤–∞—Ä—Ç–∏—Ä–∞ –Ω–∞ –¥–ª–∏—Ç–µ–ª—å–Ω—ã–π —Å—Ä–æ–∫. –¥–µ–ø–æ–∑–∏—Ç 30000 +–∫–æ–º —É—Å–ª—É–≥–∏. –≤–æ–∑–ª–µ –ú–µ–≥–∞ —Ü–µ–Ω—Ç—Ä–∞. –º–æ–∂–Ω–æ –ø–æ–¥ —Å—É–±–∞—Ä–µ–Ω–¥—É",
https://krisha-photos.kcdn.online/webp/a0/a02c5493-eed4-4d81-8892-d786deefc1ac/10-400x300.jpg,2-–∫–æ–º–Ω–∞—Ç–Ω–∞—è –∫–≤–∞—Ä—Ç–∏—Ä–∞ ¬∑ 52 –º¬≤ ¬∑ 6/10 —ç—Ç–∞–∂ ¬∑ –ø–æ–º–µ—Å—è—á–Ω–æ,300 000 „Äí,"–ê–ª–º–∞–ª–∏–Ω—Å–∫–∏–π —Ä-–Ω, –í–∞—Ä–ª–∞–º–æ–≤–∞ 1/3 ‚Äî –¢–æ–ª–µ-–±–∏ –í–∞—Ä—Ä–ª–∞–º–æ–≤–∞","–∂–∏–ª. –∫–æ–º–ø–ª–µ–∫—Å Varlamova, –º–µ–±–ª–∏—Ä–æ–≤–∞–Ω–∞ –ø–æ–ª–Ω–æ—Å—Ç—å—é, –°–¥–∞–º 2—Ö –∫–≤–∞—Ä—Ç–∏—Ä—É 2020 –≥.–ø –≤ –∂/–∫ –í–∞—Ä–ª–∞–º–æ–≤–∞ –≤–¥–æ–ª—å —Ä–∞–π–æ–Ω–∞ –û–∑–µ—Ä–∞ –°–∞–π—Ä–∞–Ω —Å –æ—Ç–ª–∏—á–Ω—ã–º–∏ –≤–∏–¥–æ–≤—ã–º–∏ —Ö–∞—Ä–∞–∫—Ç–µ—Ä–∏—Å—Ç–∏–∫–∞–º–∏ —Å –º–µ–±–µ–ª—å—é –∏ –±—ã—Ç–æ–≤–æ–π —Ç–µ—Ö–Ω–∏–∫–∏ –≤ —Ö–æ—Ä–æ—à–µ–º —Å–æ—Å—Ç–æ—è–Ω–∏–∏",
https://krisha-photos.kcdn.online/webp/58/58def44c-1869-493b-857b-c803052f3795/12-400x300.jpg,2-–∫–æ–º–Ω–∞—Ç–Ω–∞—è –∫–≤–∞—Ä—Ç–∏—Ä–∞ ¬∑ 130 –º¬≤ ¬∑ 2/5 —ç—Ç–∞–∂ ¬∑ –ø–æ–º–µ—Å—è—á–Ω–æ,1 499 999 „Äí,"–ú–µ–¥–µ—É—Å–∫–∏–π —Ä-–Ω, –¢—É–ª–µ–±–∞–µ–≤–∞ 95/1","–∂–∏–ª. –∫–æ–º–ø–ª–µ–∫—Å –¶–µ–Ω—Ç—Ä–∞–ª—å–Ω—ã–π –Ω–∞ –¢—É–ª–µ–±–∞–µ–≤–∞, –º–µ–±–ª–∏—Ä–æ–≤–∞–Ω–∞ –ø–æ–ª–Ω–æ—Å—Ç—å—é, ‚≠êÔ∏è–õ—É—á—à–µ–µ –ø—Ä–µ–¥–ª–æ–∂–µ–Ω–∏–µ –Ω–∞ —Å–µ–≥–æ–¥–Ω—è—à–Ω–∏–π –¥–µ–Ω—å. –†–µ–º–æ–Ω—Ç –¥–µ–ª–∞–ª–∏ –¥–ª—è —Å–µ–±—è! ‚≠êÔ∏è–†–∞–Ω–µ–µ –Ω–µ —Å–¥–∞–≤–∞–ª–∞—Å—å! ‚≠êÔ∏è–í–∞—à–µ–º—É –≤–Ω–∏–º–∞–Ω–∏—é –ø—Ä–µ–¥–ª–∞–≥–∞–µ—Ç—Å—è —ç–∫—Å–∫–ª—é–∑–∏–≤–Ω–∞—è –¥–≤—É—Ö–∫–æ–º–Ω–∞—Ç–Ω–∞—è –∫–≤–∞—Ä—Ç–∏—Ä–∞-—Å—Ç—É–¥–∏—è –≤ —ç–ª–∏—Ç–Ω–æ–º, –º–∞–ª–æ–∫–≤–∞—Ä—Ç–∏—Ä–Ω–æ–º –ñ–ö ""–¶–µ–Ω—Ç—Ä–∞–ª—å–Ω—ã–π"" –Ω–∞ –¢—É–ª–µ–±–∞–µ–≤–∞! ‚≠êÔ∏è–í–∏–¥–µ–æ –æ–±–∑‚Ä¶",
https://krisha-photos.kcdn.online/webp/28/28b549f7-8422-4118-95a3-a8af3623db40/6-400x300.jpg,2-–∫–æ–º–Ω–∞—Ç–Ω–∞—è –∫–≤–∞—Ä—Ç–∏—Ä–∞ ¬∑ 57 –º¬≤ ¬∑ 7/16 —ç—Ç–∞–∂ ¬∑ –ø–æ–º–µ—Å—è—á–Ω–æ,380 000 „Äí,"–ê–ª–º–∞–ª–∏–Ω—Å–∫–∏–π —Ä-–Ω, –ú–∞–Ω–∞—Å–∞ 109–∞","–∂–∏–ª. –∫–æ–º–ø–ª–µ–∫—Å Legenda, –º–µ–±–ª–∏—Ä–æ–≤–∞–Ω–∞ –ø–æ–ª–Ω–æ—Å—Ç—å—é, –°–¥–∞–µ—Ç—Å—è —É—é—Ç–Ω–∞—è, —á–∏—Å—Ç–∞—è, –∞–∫–∫—É—Ä–∞—Ç–Ω–∞—è 2-—Ö –∫–æ–º–Ω–∞—Ç–Ω–∞—è –∫–≤–∞—Ä—Ç–∏—Ä–∞, —Å –µ–≤—Ä–æ —Ä–µ–º–æ–Ω—Ç–æ–º. (–µ–≤—Ä–æ–¥–≤—É—à–∫–∞, –∑–∞–ª —Å–æ–≤–º–µ—â–µ–Ω–Ω—ã–π —Å –∫—É—Ö–Ω–µ–π –∏ —Å–ø–∞–ª—å–Ω–∞—è –∫–æ–º–Ω–∞—Ç–∞). –°–æ—Å—Ç–æ—è–Ω–∏–µ –æ—Ç–ª–∏—á–Ω–æ–µ. –í –∫–≤–∞—Ä—Ç–∏—Ä–µ –∏–º–µ–µ—Ç—Å—è –≤—Å—è –º–µ–±–µ–ª—å –∏ —Ç–µ—Ö–Ω–∏–∫–∞ –¥–ª—è —É–¥–æ–±–Ω–æ–π –∏ –∫–æ–º—Ñ–æ—Ä—Ç–Ω–æ–π –∂–∏–∑–Ω–∏, –ø—Ä–æ–≤–µ–¥–µ–Ω –≤—ã—Å–æ–∫–æ—Å–∫–æ—Ä‚Ä¶",
https://krisha-photos.kcdn.online/webp/49/4921beb2-f9c9-487f-9e37-e78e9968d3a7/1-400x300.jpg,2-–∫–æ–º–Ω–∞—Ç–Ω–∞—è –∫–≤–∞—Ä—Ç–∏—Ä–∞ ¬∑ 51 –º¬≤ ¬∑ 15/16 —ç—Ç–∞–∂ ¬∑ –ø–æ–º–µ—Å—è—á–Ω–æ,390 000 „Äí,"–ú–µ–¥–µ—É—Å–∫–∏–π —Ä-–Ω, –ö—É–Ω–∞–µ–≤–∞ 15/1 ‚Äî –¢—É–ª–µ–±–∞–µ–≤–∞ - –ú–∞–º–µ—Ç–æ–≤–∞","–°–¥–∞–º –≤ –∞—Ä–µ–Ω–¥—É —É—é—Ç–Ω—É—é –∫–≤–∞—Ä—Ç–∏—Ä—É, —Å–≤–µ–∂–∏–π –∞–≤—Ç–æ—Ä—Å–∫–∏–π —Ä–µ–º–æ–Ω—Ç. –ó–æ–ª–æ—Ç–æ–π –∫–≤–∞–¥—Ä–∞—Ç, —Å—Ç–∞–Ω—Ü–∏—è –ú–µ—Ç—Ä–æ –≤ 3 –º–∏–Ω—É—Ç–∞—Ö –æ—Ç –¥–æ–º–∞. –í —à–∞–≥–æ–≤–æ–π –¥–æ—Å—Ç—É–ø–Ω–æ—Å—Ç–∏ –ó–µ–ª—ë–Ω—ã–π –†—ã–Ω–æ–∫, –ê—Ä–±–∞—Ç, –¢–Æ–ó, –ú–µ–≥–∞ –ø–∞—Ä–∫, –ì–£–ú, –ú–∞–≥–Ω—É–º, —à–∫–æ–ª—ã –≥–∏–º–Ω–∞–∑–∏–∏, –¥–µ—Ç—Å–∫–∏–µ —Å–∞–¥—ã. –í–æ–∑–º–æ–∂–Ω–æ—Å—Ç—å –¥–æ–µ—Ö–∞—Ç—å –±—ã—Å—Ç—Ä–æ –≤ –ª—é–±—É—é —Ç–æ—á–∫—É –≥–æ—Ä–æ–¥–∞. –í—Å—è —Ç–µ—Ö–Ω–∏–∫–∞, –º–µ–±–µ–ª—å –∞–±—Å–æ–ª—é—Ç–Ω–æ –Ω–æ–≤–∞‚Ä¶",
https://krisha-photos.kcdn.online/webp/30/3012e3a0-6fd8-4743-acc9-75226a167462/1-400x300.jpg,1-–∫–æ–º–Ω–∞—Ç–Ω–∞—è –∫–≤–∞—Ä—Ç–∏—Ä–∞ ¬∑ 42 –º¬≤ ¬∑ 4/5 —ç—Ç–∞–∂ ¬∑ –ø–æ–º–µ—Å—è—á–Ω–æ,200 000 „Äí,"–ë–æ—Å—Ç–∞–Ω–¥—ã–∫—Å–∫–∏–π —Ä-–Ω, –º–∫—Ä –ê–ª–º–∞–≥—É–ª—å 292/2 ‚Äî –ì–∞–≥–∞—Ä–∏–Ω–∞ - –õ–µ–≤–∏—Ç–∞–Ω–∞","–∂–∏–ª. –ø–ª–æ—â–∞–¥—å 42 –º¬≤, –∫—É—Ö–Ω—è 13 –º¬≤",
